cycles,mutation_prob,non_dup_prob,quantization_bits,error_rate_post_q,error_rate_pre_q
1,0.01,0.0,1,0.008299999999999974,0.008199999999999985
1,0.01,0.0,2,0.009299999999999975,0.009800000000000031
1,0.01,0.0,3,0.010600000000000054,0.010000000000000009
1,0.01,0.0,4,0.009800000000000031,0.008900000000000019
1,0.01,0.02,1,0.009800000000000031,0.009000000000000008
1,0.01,0.02,2,0.009199999999999986,0.011199999999999988
1,0.01,0.02,3,0.010399999999999965,0.010199999999999987
1,0.01,0.02,4,0.009800000000000031,0.008399999999999963
1,0.01,0.04,1,0.00880000000000003,0.007900000000000018
1,0.01,0.04,2,0.010499999999999954,0.010299999999999976
1,0.01,0.04,3,0.006900000000000017,0.007900000000000018
1,0.01,0.04,4,0.008199999999999985,0.008299999999999974
1,0.01,0.06,1,0.010499999999999954,0.010199999999999987
1,0.01,0.06,2,0.010000000000000009,0.009399999999999964
1,0.01,0.06,3,0.008900000000000019,0.008099999999999996
1,0.01,0.06,4,0.010299999999999976,0.009800000000000031
1,0.01,0.08,1,0.009099999999999997,0.008399999999999963
1,0.01,0.08,2,0.009000000000000008,0.010199999999999987
1,0.01,0.08,3,0.008199999999999985,0.008000000000000007
1,0.01,0.08,4,0.009600000000000053,0.009700000000000042
1,0.01,0.1,1,0.009600000000000053,0.011399999999999966
1,0.01,0.1,2,0.009499999999999953,0.009800000000000031
1,0.01,0.1,3,0.007099999999999995,0.007800000000000029
1,0.01,0.1,4,0.011499999999999955,0.011199999999999988
1,0.03,0.0,1,0.03259999999999996,0.03049999999999997
1,0.03,0.0,2,0.028699999999999948,0.028100000000000014
1,0.03,0.0,3,0.026900000000000035,0.028100000000000014
1,0.03,0.0,4,0.031200000000000006,0.030000000000000027
1,0.03,0.02,1,0.030200000000000005,0.030299999999999994
1,0.03,0.02,2,0.028800000000000048,0.027699999999999947
1,0.03,0.02,3,0.028699999999999948,0.027699999999999947
1,0.03,0.02,4,0.028900000000000037,0.029000000000000026
1,0.03,0.04,1,0.029299999999999993,0.03169999999999995
1,0.03,0.04,2,0.027900000000000036,0.026800000000000046
1,0.03,0.04,3,0.027800000000000047,0.028000000000000025
1,0.03,0.04,4,0.030100000000000016,0.028200000000000003
1,0.03,0.06,1,0.028200000000000003,0.027100000000000013
1,0.03,0.06,2,0.025900000000000034,0.026800000000000046
1,0.03,0.06,3,0.025399999999999978,0.027800000000000047
1,0.03,0.06,4,0.028200000000000003,0.027699999999999947
1,0.03,0.08,1,0.0262,0.027699999999999947
1,0.03,0.08,2,0.030100000000000016,0.0252
1,0.03,0.08,3,0.027800000000000047,0.0262
1,0.03,0.08,4,0.029900000000000038,0.029200000000000004
1,0.03,0.1,1,0.02849999999999997,0.027900000000000036
1,0.03,0.1,2,0.026100000000000012,0.024399999999999977
1,0.03,0.1,3,0.028699999999999948,0.025900000000000034
1,0.03,0.1,4,0.029000000000000026,0.026100000000000012
1,0.05,0.0,1,0.05349999999999999,0.048699999999999966
1,0.05,0.0,2,0.047900000000000054,0.048900000000000055
1,0.05,0.0,3,0.04510000000000003,0.04620000000000002
1,0.05,0.0,4,0.04859999999999998,0.0474
1,0.05,0.02,1,0.047799999999999954,0.050799999999999956
1,0.05,0.02,2,0.049000000000000044,0.047599999999999976
1,0.05,0.02,3,0.050799999999999956,0.04730000000000001
1,0.05,0.02,4,0.047699999999999965,0.04730000000000001
1,0.05,0.04,1,0.047799999999999954,0.047900000000000054
1,0.05,0.04,2,0.0474,0.046499999999999986
1,0.05,0.04,3,0.05020000000000002,0.05049999999999999
1,0.05,0.04,4,0.04930000000000001,0.05020000000000002
1,0.05,0.06,1,0.046499999999999986,0.04859999999999998
1,0.05,0.06,2,0.04620000000000002,0.047900000000000054
1,0.05,0.06,3,0.04810000000000003,0.04690000000000005
1,0.05,0.06,4,0.04959999999999998,0.04400000000000004
1,0.05,0.08,1,0.04810000000000003,0.049699999999999966
1,0.05,0.08,2,0.04410000000000003,0.042200000000000015
1,0.05,0.08,3,0.04379999999999995,0.044399999999999995
1,0.05,0.08,4,0.04679999999999995,0.0484
1,0.05,0.1,1,0.04400000000000004,0.04579999999999995
1,0.05,0.1,2,0.04579999999999995,0.04379999999999995
1,0.05,0.1,3,0.04579999999999995,0.043300000000000005
1,0.05,0.1,4,0.046499999999999986,0.044499999999999984
1,0.07,0.0,1,0.06559999999999999,0.06620000000000004
1,0.07,0.0,2,0.06840000000000002,0.06910000000000005
1,0.07,0.0,3,0.06610000000000005,0.06659999999999999
1,0.07,0.0,4,0.07179999999999997,0.06740000000000002
1,0.07,0.02,1,0.06430000000000002,0.06979999999999997
1,0.07,0.02,2,0.06579999999999997,0.06430000000000002
1,0.07,0.02,3,0.06789999999999996,0.0675
1,0.07,0.02,4,0.06740000000000002,0.06830000000000003
1,0.07,0.04,1,0.06620000000000004,0.06889999999999996
1,0.07,0.04,2,0.0665,0.06710000000000005
1,0.07,0.04,3,0.06640000000000001,0.06410000000000005
1,0.07,0.04,4,0.06279999999999997,0.060899999999999954
1,0.07,0.06,1,0.061799999999999966,0.06040000000000001
1,0.07,0.06,2,0.06159999999999999,0.062000000000000055
1,0.07,0.06,3,0.06320000000000003,0.06520000000000004
1,0.07,0.06,4,0.06230000000000002,0.06289999999999996
1,0.07,0.08,1,0.062100000000000044,0.05940000000000001
1,0.07,0.08,2,0.06110000000000004,0.0625
1,0.07,0.08,3,0.06159999999999999,0.062000000000000055
1,0.07,0.08,4,0.06289999999999996,0.0655
1,0.07,0.1,1,0.06110000000000004,0.06010000000000004
1,0.07,0.1,2,0.061000000000000054,0.06230000000000002
1,0.07,0.1,3,0.06310000000000004,0.05830000000000002
1,0.07,0.1,4,0.060799999999999965,0.06279999999999997
1,0.1,0.0,1,0.1018,0.10060000000000002
1,0.1,0.0,2,0.09950000000000003,0.0968
1,0.1,0.0,3,0.10109999999999997,0.09709999999999996
1,0.1,0.0,4,0.09650000000000003,0.09179999999999999
1,0.1,0.02,1,0.09689999999999999,0.09650000000000003
1,0.1,0.02,2,0.09699999999999998,0.09389999999999998
1,0.1,0.02,3,0.09389999999999998,0.09240000000000004
1,0.1,0.02,4,0.09940000000000004,0.10129999999999995
1,0.1,0.04,1,0.09419999999999995,0.09309999999999996
1,0.1,0.04,2,0.09219999999999995,0.09660000000000002
1,0.1,0.04,3,0.0947,0.09130000000000005
1,0.1,0.04,4,0.09730000000000005,0.09860000000000002
1,0.1,0.06,1,0.08930000000000005,0.08999999999999997
1,0.1,0.06,2,0.09119999999999995,0.09040000000000004
1,0.1,0.06,3,0.08830000000000005,0.09050000000000002
1,0.1,0.06,4,0.0907,0.09719999999999995
1,0.1,0.08,1,0.08720000000000006,0.08430000000000004
1,0.1,0.08,2,0.09150000000000003,0.0917
1,0.1,0.08,3,0.09319999999999995,0.09160000000000001
1,0.1,0.08,4,0.08919999999999995,0.09140000000000004
1,0.1,0.1,1,0.08799999999999997,0.08789999999999998
1,0.1,0.1,2,0.08309999999999995,0.08830000000000005
1,0.1,0.1,3,0.09040000000000004,0.0948
1,0.1,0.1,4,0.08509999999999995,0.08540000000000003
2,0.01,0.0,1,0.010800000000000032,0.011199999999999988
2,0.01,0.0,2,0.009399999999999964,0.009800000000000031
2,0.01,0.0,3,0.01090000000000002,0.010600000000000054
2,0.01,0.0,4,0.011800000000000033,0.011600000000000055
2,0.01,0.02,1,0.010600000000000054,0.009800000000000031
2,0.01,0.02,2,0.011099999999999999,0.010099999999999998
2,0.01,0.02,3,0.00990000000000002,0.010000000000000009
2,0.01,0.02,4,0.00990000000000002,0.010700000000000043
2,0.01,0.04,1,0.010700000000000043,0.009600000000000053
2,0.01,0.04,2,0.010299999999999976,0.009199999999999986
2,0.01,0.04,3,0.008000000000000007,0.008399999999999963
2,0.01,0.04,4,0.0121,0.00990000000000002
2,0.01,0.06,1,0.00990000000000002,0.009199999999999986
2,0.01,0.06,2,0.01090000000000002,0.010099999999999998
2,0.01,0.06,3,0.010299999999999976,0.010499999999999954
2,0.01,0.06,4,0.011299999999999977,0.01090000000000002
2,0.01,0.08,1,0.009099999999999997,0.010099999999999998
2,0.01,0.08,2,0.010700000000000043,0.00990000000000002
2,0.01,0.08,3,0.00990000000000002,0.010499999999999954
2,0.01,0.08,4,0.009600000000000053,0.009600000000000053
2,0.01,0.1,1,0.009800000000000031,0.006900000000000017
2,0.01,0.1,2,0.009399999999999964,0.01090000000000002
2,0.01,0.1,3,0.008600000000000052,0.008499999999999952
2,0.01,0.1,4,0.008299999999999974,0.009700000000000042
2,0.03,0.0,1,0.030299999999999994,0.031200000000000006
2,0.03,0.0,2,0.033399999999999985,0.030399999999999983
2,0.03,0.0,3,0.029100000000000015,0.031000000000000028
2,0.03,0.0,4,0.030299999999999994,0.030299999999999994
2,0.03,0.02,1,0.03190000000000004,0.032200000000000006
2,0.03,0.02,2,0.03249999999999997,0.029100000000000015
2,0.03,0.02,3,0.02949999999999997,0.027100000000000013
2,0.03,0.02,4,0.02980000000000005,0.02859999999999996
2,0.03,0.04,1,0.03200000000000003,0.02849999999999997
2,0.03,0.04,2,0.029900000000000038,0.032399999999999984
2,0.03,0.04,3,0.03320000000000001,0.031000000000000028
2,0.03,0.04,4,0.02839999999999998,0.027599999999999958
2,0.03,0.06,1,0.037900000000000045,0.032299999999999995
2,0.03,0.06,2,0.02729999999999999,0.029900000000000038
2,0.03,0.06,3,0.03180000000000005,0.02859999999999996
2,0.03,0.06,4,0.032299999999999995,0.031000000000000028
2,0.03,0.08,1,0.0353,0.03269999999999995
2,0.03,0.08,2,0.03310000000000002,0.03210000000000002
2,0.03,0.08,3,0.031200000000000006,0.027800000000000047
2,0.03,0.08,4,0.03159999999999996,0.03049999999999997
2,0.03,0.1,1,0.03520000000000001,0.03059999999999996
2,0.03,0.1,2,0.027599999999999958,0.02629999999999999
2,0.03,0.1,3,0.028800000000000048,0.02939999999999998
2,0.03,0.1,4,0.030200000000000005,0.029299999999999993
2,0.05,0.0,1,0.04949999999999999,0.051000000000000045
2,0.05,0.0,2,0.05259999999999998,0.04849999999999999
2,0.05,0.0,3,0.05400000000000005,0.05449999999999999
2,0.05,0.0,4,0.0514,0.052200000000000024
2,0.05,0.02,1,0.053200000000000025,0.05049999999999999
2,0.05,0.02,2,0.05359999999999998,0.0504
2,0.05,0.02,3,0.050899999999999945,0.047699999999999965
2,0.05,0.02,4,0.0504,0.048799999999999955
2,0.05,0.04,1,0.05569999999999997,0.0524
2,0.05,0.04,2,0.052100000000000035,0.051899999999999946
2,0.05,0.04,3,0.047900000000000054,0.04820000000000002
2,0.05,0.04,4,0.04749999999999999,0.05049999999999999
2,0.05,0.06,1,0.05810000000000004,0.05259999999999998
2,0.05,0.06,2,0.04820000000000002,0.05049999999999999
2,0.05,0.06,3,0.05049999999999999,0.048699999999999966
2,0.05,0.06,4,0.05030000000000001,0.04859999999999998
2,0.05,0.08,1,0.05379999999999996,0.04949999999999999
2,0.05,0.08,2,0.050799999999999956,0.0474
2,0.05,0.08,3,0.045599999999999974,0.048699999999999966
2,0.05,0.08,4,0.04820000000000002,0.0464
2,0.05,0.1,1,0.060799999999999965,0.05179999999999996
2,0.05,0.1,2,0.04949999999999999,0.05120000000000002
2,0.05,0.1,3,0.04700000000000004,0.0514
2,0.05,0.1,4,0.04920000000000002,0.05159999999999998
2,0.07,0.0,1,0.07499999999999996,0.07150000000000001
2,0.07,0.0,2,0.07240000000000002,0.07489999999999997
2,0.07,0.0,3,0.06969999999999998,0.06979999999999997
2,0.07,0.0,4,0.07410000000000005,0.06920000000000004
2,0.07,0.02,1,0.06930000000000003,0.06710000000000005
2,0.07,0.02,2,0.0675,0.06620000000000004
2,0.07,0.02,3,0.06679999999999997,0.06699999999999995
2,0.07,0.02,4,0.06920000000000004,0.07030000000000003
2,0.07,0.04,1,0.07850000000000001,0.06810000000000005
2,0.07,0.04,2,0.06689999999999996,0.0645
2,0.07,0.04,3,0.07230000000000003,0.07550000000000001
2,0.07,0.04,4,0.06840000000000002,0.06769999999999998
2,0.07,0.06,1,0.07379999999999998,0.06830000000000003
2,0.07,0.06,2,0.06879999999999997,0.06989999999999996
2,0.07,0.06,3,0.06989999999999996,0.06510000000000005
2,0.07,0.06,4,0.06930000000000003,0.06879999999999997
2,0.07,0.08,1,0.08330000000000004,0.06799999999999995
2,0.07,0.08,2,0.07420000000000004,0.07250000000000001
2,0.07,0.08,3,0.07030000000000003,0.06820000000000004
2,0.07,0.08,4,0.06699999999999995,0.07179999999999997
2,0.07,0.1,1,0.08489999999999998,0.07440000000000002
2,0.07,0.1,2,0.07340000000000002,0.07430000000000003
2,0.07,0.1,3,0.07030000000000003,0.06820000000000004
2,0.07,0.1,4,0.06689999999999996,0.0685
2,0.1,0.0,1,0.10199999999999998,0.10289999999999999
2,0.1,0.0,2,0.10109999999999997,0.10099999999999998
2,0.1,0.0,3,0.09850000000000003,0.10150000000000003
2,0.1,0.0,4,0.09889999999999999,0.09989999999999999
2,0.1,0.02,1,0.10660000000000003,0.1008
2,0.1,0.02,2,0.10070000000000001,0.09960000000000002
2,0.1,0.02,3,0.09709999999999996,0.09999999999999998
2,0.1,0.02,4,0.10599999999999998,0.10360000000000003
2,0.1,0.04,1,0.11129999999999995,0.10450000000000004
2,0.1,0.04,2,0.09640000000000004,0.09760000000000002
2,0.1,0.04,3,0.10309999999999997,0.10640000000000005
2,0.1,0.04,4,0.10019999999999996,0.09770000000000001
2,0.1,0.06,1,0.10389999999999999,0.09719999999999995
2,0.1,0.06,2,0.10129999999999995,0.09970000000000001
2,0.1,0.06,3,0.09560000000000002,0.10070000000000001
2,0.1,0.06,4,0.09870000000000001,0.0978
2,0.1,0.08,1,0.11609999999999998,0.10550000000000004
2,0.1,0.08,2,0.1008,0.10609999999999997
2,0.1,0.08,3,0.10170000000000001,0.09860000000000002
2,0.1,0.08,4,0.0927,0.09399999999999997
2,0.1,0.1,1,0.10729999999999995,0.09619999999999995
2,0.1,0.1,2,0.0998,0.09770000000000001
2,0.1,0.1,3,0.09740000000000004,0.09919999999999995
2,0.1,0.1,4,0.10229999999999995,0.09830000000000005
3,0.01,0.0,1,0.009399999999999964,0.00770000000000004
3,0.01,0.0,2,0.00880000000000003,0.009600000000000053
3,0.01,0.0,3,0.009099999999999997,0.010299999999999976
3,0.01,0.0,4,0.007399999999999962,0.009000000000000008
3,0.01,0.02,1,0.011099999999999999,0.009499999999999953
3,0.01,0.02,2,0.009299999999999975,0.010099999999999998
3,0.01,0.02,3,0.009199999999999986,0.010000000000000009
3,0.01,0.02,4,0.009299999999999975,0.008900000000000019
3,0.01,0.04,1,0.012900000000000023,0.008600000000000052
3,0.01,0.04,2,0.01200000000000001,0.012800000000000034
3,0.01,0.04,3,0.008700000000000041,0.008700000000000041
3,0.01,0.04,4,0.010199999999999987,0.012800000000000034
3,0.01,0.06,1,0.01429999999999998,0.011399999999999966
3,0.01,0.06,2,0.008600000000000052,0.008499999999999952
3,0.01,0.06,3,0.008700000000000041,0.009299999999999975
3,0.01,0.06,4,0.009099999999999997,0.009499999999999953
3,0.01,0.08,1,0.014100000000000001,0.010000000000000009
3,0.01,0.08,2,0.01200000000000001,0.01100000000000001
3,0.01,0.08,3,0.011099999999999999,0.010800000000000032
3,0.01,0.08,4,0.010600000000000054,0.009700000000000042
3,0.01,0.1,1,0.014900000000000024,0.009700000000000042
3,0.01,0.1,2,0.008700000000000041,0.010199999999999987
3,0.01,0.1,3,0.010499999999999954,0.010399999999999965
3,0.01,0.1,4,0.011099999999999999,0.011099999999999999
3,0.03,0.0,1,0.03200000000000003,0.03049999999999997
3,0.03,0.0,2,0.034499999999999975,0.03180000000000005
3,0.03,0.0,3,0.02849999999999997,0.028800000000000048
3,0.03,0.0,4,0.031000000000000028,0.03200000000000003
3,0.03,0.02,1,0.03320000000000001,0.03059999999999996
3,0.03,0.02,2,0.030399999999999983,0.028000000000000025
3,0.03,0.02,3,0.03049999999999997,0.03080000000000005
3,0.03,0.02,4,0.03049999999999997,0.031000000000000028
3,0.03,0.04,1,0.03969999999999996,0.02980000000000005
3,0.03,0.04,2,0.03249999999999997,0.02859999999999996
3,0.03,0.04,3,0.03059999999999996,0.031100000000000017
3,0.03,0.04,4,0.02980000000000005,0.031200000000000006
3,0.03,0.06,1,0.043399999999999994,0.02980000000000005
3,0.03,0.06,2,0.03259999999999996,0.031000000000000028
3,0.03,0.06,3,0.030000000000000027,0.028000000000000025
3,0.03,0.06,4,0.02949999999999997,0.029000000000000026
3,0.03,0.08,1,0.04139999999999999,0.029299999999999993
3,0.03,0.08,2,0.03090000000000004,0.028900000000000037
3,0.03,0.08,3,0.02980000000000005,0.029200000000000004
3,0.03,0.08,4,0.03069999999999995,0.030000000000000027
3,0.03,0.1,1,0.04369999999999996,0.028900000000000037
3,0.03,0.1,2,0.03280000000000005,0.029900000000000038
3,0.03,0.1,3,0.02949999999999997,0.028299999999999992
3,0.03,0.1,4,0.0262,0.02729999999999999
3,0.05,0.0,1,0.05459999999999998,0.0474
3,0.05,0.0,2,0.061000000000000054,0.054200000000000026
3,0.05,0.0,3,0.05130000000000001,0.05369999999999997
3,0.05,0.0,4,0.05149999999999999,0.048799999999999955
3,0.05,0.02,1,0.06640000000000001,0.054200000000000026
3,0.05,0.02,2,0.054200000000000026,0.05269999999999997
3,0.05,0.02,3,0.052000000000000046,0.0494
3,0.05,0.02,4,0.05369999999999997,0.048900000000000055
3,0.05,0.04,1,0.06410000000000005,0.04930000000000001
3,0.05,0.04,2,0.054200000000000026,0.048799999999999955
3,0.05,0.04,3,0.049699999999999966,0.04920000000000002
3,0.05,0.04,4,0.05289999999999995,0.05489999999999995
3,0.05,0.06,1,0.06789999999999996,0.04620000000000002
3,0.05,0.06,2,0.05459999999999998,0.050799999999999956
3,0.05,0.06,3,0.051899999999999946,0.05230000000000001
3,0.05,0.06,4,0.05020000000000002,0.049699999999999966
3,0.05,0.08,1,0.07640000000000002,0.052000000000000046
3,0.05,0.08,2,0.05179999999999996,0.0514
3,0.05,0.08,3,0.04720000000000002,0.04859999999999998
3,0.05,0.08,4,0.05259999999999998,0.051000000000000045
3,0.05,0.1,1,0.07669999999999999,0.04949999999999999
3,0.05,0.1,2,0.057499999999999996,0.050799999999999956
3,0.05,0.1,3,0.049699999999999966,0.05120000000000002
3,0.05,0.1,4,0.05479999999999996,0.052000000000000046
3,0.07,0.0,1,0.07709999999999995,0.07330000000000003
3,0.07,0.0,2,0.07730000000000004,0.07420000000000004
3,0.07,0.0,3,0.07469999999999999,0.07389999999999997
3,0.07,0.0,4,0.06989999999999996,0.07010000000000005
3,0.07,0.02,1,0.08660000000000001,0.07089999999999996
3,0.07,0.02,2,0.07579999999999998,0.07179999999999997
3,0.07,0.02,3,0.06830000000000003,0.06840000000000002
3,0.07,0.02,4,0.0675,0.06820000000000004
3,0.07,0.04,1,0.09089999999999998,0.07220000000000004
3,0.07,0.04,2,0.0746,0.06920000000000004
3,0.07,0.04,3,0.07050000000000001,0.07399999999999995
3,0.07,0.04,4,0.06940000000000002,0.07050000000000001
3,0.07,0.06,1,0.09399999999999997,0.06999999999999995
3,0.07,0.06,2,0.07350000000000001,0.06879999999999997
3,0.07,0.06,3,0.07199999999999995,0.07310000000000005
3,0.07,0.06,4,0.07289999999999996,0.07189999999999996
3,0.07,0.08,1,0.10880000000000001,0.07340000000000002
3,0.07,0.08,2,0.07569999999999999,0.06930000000000003
3,0.07,0.08,3,0.07379999999999998,0.07330000000000003
3,0.07,0.08,4,0.07289999999999996,0.07189999999999996
3,0.07,0.1,1,0.10640000000000005,0.06910000000000005
3,0.07,0.1,2,0.07489999999999997,0.06730000000000003
3,0.07,0.1,3,0.07069999999999999,0.07150000000000001
3,0.07,0.1,4,0.07350000000000001,0.07420000000000004
3,0.1,0.0,1,0.1169,0.09899999999999998
3,0.1,0.0,2,0.11609999999999998,0.10409999999999997
3,0.1,0.0,3,0.10550000000000004,0.1059
3,0.1,0.0,4,0.10009999999999997,0.10360000000000003
3,0.1,0.02,1,0.1269,0.10760000000000003
3,0.1,0.02,2,0.11699999999999999,0.11019999999999996
3,0.1,0.02,3,0.10229999999999995,0.10350000000000004
3,0.1,0.02,4,0.10429999999999995,0.10960000000000003
3,0.1,0.04,1,0.12949999999999995,0.09899999999999998
3,0.1,0.04,2,0.11539999999999995,0.10360000000000003
3,0.1,0.04,3,0.10470000000000002,0.10440000000000005
3,0.1,0.04,4,0.10309999999999997,0.10189999999999999
3,0.1,0.06,1,0.13929999999999998,0.10229999999999995
3,0.1,0.06,2,0.11609999999999998,0.1048
3,0.1,0.06,3,0.10750000000000004,0.10840000000000005
3,0.1,0.06,4,0.10119999999999996,0.0988
3,0.1,0.08,1,0.15090000000000003,0.10650000000000004
3,0.1,0.08,2,0.10760000000000003,0.09519999999999995
3,0.1,0.08,3,0.10370000000000001,0.10219999999999996
3,0.1,0.08,4,0.1058,0.10799999999999998
3,0.1,0.1,1,0.14870000000000005,0.09509999999999996
3,0.1,0.1,2,0.1109,0.10029999999999994
3,0.1,0.1,3,0.10299999999999998,0.10189999999999999
3,0.1,0.1,4,0.10529999999999995,0.10719999999999996
4,0.01,0.0,1,0.011499999999999955,0.010099999999999998
4,0.01,0.0,2,0.011700000000000044,0.010299999999999976
4,0.01,0.0,3,0.012499999999999956,0.011099999999999999
4,0.01,0.0,4,0.00880000000000003,0.009600000000000053
4,0.01,0.02,1,0.011399999999999966,0.008900000000000019
4,0.01,0.02,2,0.010099999999999998,0.009399999999999964
4,0.01,0.02,3,0.010399999999999965,0.009099999999999997
4,0.01,0.02,4,0.009399999999999964,0.008900000000000019
4,0.01,0.04,1,0.01649999999999996,0.009600000000000053
4,0.01,0.04,2,0.010000000000000009,0.009800000000000031
4,0.01,0.04,3,0.009199999999999986,0.008399999999999963
4,0.01,0.04,4,0.010099999999999998,0.010000000000000009
4,0.01,0.06,1,0.01970000000000005,0.009700000000000042
4,0.01,0.06,2,0.011199999999999988,0.009800000000000031
4,0.01,0.06,3,0.009600000000000053,0.010099999999999998
4,0.01,0.06,4,0.00990000000000002,0.011299999999999977
4,0.01,0.08,1,0.017100000000000004,0.009600000000000053
4,0.01,0.08,2,0.009299999999999975,0.008299999999999974
4,0.01,0.08,3,0.010399999999999965,0.010499999999999954
4,0.01,0.08,4,0.008900000000000019,0.009000000000000008
4,0.01,0.1,1,0.01739999999999997,0.009700000000000042
4,0.01,0.1,2,0.01090000000000002,0.009800000000000031
4,0.01,0.1,3,0.010199999999999987,0.010099999999999998
4,0.01,0.1,4,0.010299999999999976,0.010199999999999987
4,0.03,0.0,1,0.036599999999999966,0.029100000000000015
4,0.03,0.0,2,0.02959999999999996,0.02980000000000005
4,0.03,0.0,3,0.030000000000000027,0.03090000000000004
4,0.03,0.0,4,0.03080000000000005,0.02959999999999996
4,0.03,0.02,1,0.044399999999999995,0.03169999999999995
4,0.03,0.02,2,0.03169999999999995,0.03390000000000004
4,0.03,0.02,3,0.028000000000000025,0.030399999999999983
4,0.03,0.02,4,0.027900000000000036,0.028900000000000037
4,0.03,0.04,1,0.05159999999999998,0.033499999999999974
4,0.03,0.04,2,0.033399999999999985,0.030100000000000016
4,0.03,0.04,3,0.02849999999999997,0.027100000000000013
4,0.03,0.04,4,0.02949999999999997,0.029100000000000015
4,0.03,0.06,1,0.04859999999999998,0.02629999999999999
4,0.03,0.06,2,0.03310000000000002,0.029299999999999993
4,0.03,0.06,3,0.030100000000000016,0.030299999999999994
4,0.03,0.06,4,0.030299999999999994,0.03059999999999996
4,0.03,0.08,1,0.05669999999999997,0.030200000000000005
4,0.03,0.08,2,0.03490000000000004,0.03059999999999996
4,0.03,0.08,3,0.032200000000000006,0.03290000000000004
4,0.03,0.08,4,0.031299999999999994,0.03169999999999995
4,0.03,0.1,1,0.05689999999999995,0.030399999999999983
4,0.03,0.1,2,0.03290000000000004,0.030100000000000016
4,0.03,0.1,3,0.03320000000000001,0.030399999999999983
4,0.03,0.1,4,0.03059999999999996,0.03080000000000005
4,0.05,0.0,1,0.060899999999999954,0.04930000000000001
4,0.05,0.0,2,0.054400000000000004,0.05049999999999999
4,0.05,0.0,3,0.04949999999999999,0.051899999999999946
4,0.05,0.0,4,0.0524,0.05449999999999999
4,0.05,0.02,1,0.07650000000000001,0.05579999999999996
4,0.05,0.02,2,0.05400000000000005,0.04610000000000003
4,0.05,0.02,3,0.05159999999999998,0.051100000000000034
4,0.05,0.02,4,0.047799999999999954,0.04859999999999998
4,0.05,0.04,1,0.0826,0.0494
4,0.05,0.04,2,0.05589999999999995,0.05030000000000001
4,0.05,0.04,3,0.04710000000000003,0.04749999999999999
4,0.05,0.04,4,0.05510000000000004,0.05300000000000005
4,0.05,0.06,1,0.08299999999999996,0.054300000000000015
4,0.05,0.06,2,0.052200000000000024,0.047799999999999954
4,0.05,0.06,3,0.04800000000000004,0.04630000000000001
4,0.05,0.06,4,0.05020000000000002,0.049699999999999966
4,0.05,0.08,1,0.08830000000000005,0.05179999999999996
4,0.05,0.08,2,0.05669999999999997,0.058499999999999996
4,0.05,0.08,3,0.054400000000000004,0.05289999999999995
4,0.05,0.08,4,0.05230000000000001,0.052100000000000035
4,0.05,0.1,1,0.0958,0.04830000000000001
4,0.05,0.1,2,0.05410000000000004,0.04749999999999999
4,0.05,0.1,3,0.049699999999999966,0.04830000000000001
4,0.05,0.1,4,0.052000000000000046,0.05410000000000004
4,0.07,0.0,1,0.09889999999999999,0.07830000000000004
4,0.07,0.0,2,0.07520000000000004,0.06920000000000004
4,0.07,0.0,3,0.07269999999999999,0.07330000000000003
4,0.07,0.0,4,0.07489999999999997,0.0746
4,0.07,0.02,1,0.1069,0.0716
4,0.07,0.02,2,0.07979999999999998,0.07469999999999999
4,0.07,0.02,3,0.07030000000000003,0.06830000000000003
4,0.07,0.02,4,0.06889999999999996,0.06740000000000002
4,0.07,0.04,1,0.11380000000000001,0.0716
4,0.07,0.04,2,0.07679999999999998,0.07169999999999999
4,0.07,0.04,3,0.07509999999999994,0.07350000000000001
4,0.07,0.04,4,0.07079999999999997,0.06979999999999997
4,0.07,0.06,1,0.12360000000000004,0.0746
4,0.07,0.06,2,0.07509999999999994,0.0695
4,0.07,0.06,3,0.07089999999999996,0.07310000000000005
4,0.07,0.06,4,0.06940000000000002,0.07079999999999997
4,0.07,0.08,1,0.12270000000000003,0.06740000000000002
4,0.07,0.08,2,0.08209999999999995,0.07440000000000002
4,0.07,0.08,3,0.07320000000000004,0.07630000000000003
4,0.07,0.08,4,0.07320000000000004,0.0706
4,0.07,0.1,1,0.12649999999999995,0.0696
4,0.07,0.1,2,0.0817,0.07569999999999999
4,0.07,0.1,3,0.07450000000000001,0.07310000000000005
4,0.07,0.1,4,0.07040000000000002,0.07150000000000001
4,0.1,0.0,1,0.13849999999999996,0.10160000000000002
4,0.1,0.0,2,0.11019999999999996,0.09850000000000003
4,0.1,0.0,3,0.10019999999999996,0.10089999999999999
4,0.1,0.0,4,0.1028,0.10360000000000003
4,0.1,0.02,1,0.15449999999999997,0.10189999999999999
4,0.1,0.02,2,0.11199999999999999,0.09899999999999998
4,0.1,0.02,3,0.10740000000000005,0.10270000000000001
4,0.1,0.02,4,0.10209999999999997,0.10199999999999998
4,0.1,0.04,1,0.16010000000000002,0.10219999999999996
4,0.1,0.04,2,0.11350000000000005,0.10199999999999998
4,0.1,0.04,3,0.11099999999999999,0.10460000000000003
4,0.1,0.04,4,0.10240000000000005,0.10409999999999997
4,0.1,0.06,1,0.17379999999999995,0.10570000000000002
4,0.1,0.06,2,0.11299999999999999,0.10150000000000003
4,0.1,0.06,3,0.1079,0.10409999999999997
4,0.1,0.06,4,0.10240000000000005,0.10389999999999999
4,0.1,0.08,1,0.17779999999999996,0.10640000000000005
4,0.1,0.08,2,0.11760000000000004,0.10740000000000005
4,0.1,0.08,3,0.1028,0.10370000000000001
4,0.1,0.08,4,0.10119999999999996,0.10019999999999996
4,0.1,0.1,1,0.17869999999999997,0.10399999999999998
4,0.1,0.1,2,0.11229999999999996,0.0988
4,0.1,0.1,3,0.10899999999999999,0.10670000000000002
4,0.1,0.1,4,0.10670000000000002,0.1069
5,0.01,0.0,1,0.011700000000000044,0.010700000000000043
5,0.01,0.0,2,0.010099999999999998,0.010800000000000032
5,0.01,0.0,3,0.011199999999999988,0.011199999999999988
5,0.01,0.0,4,0.009499999999999953,0.008499999999999952
5,0.01,0.02,1,0.01980000000000004,0.011199999999999988
5,0.01,0.02,2,0.010399999999999965,0.010299999999999976
5,0.01,0.02,3,0.010800000000000032,0.01100000000000001
5,0.01,0.02,4,0.008700000000000041,0.010700000000000043
5,0.01,0.04,1,0.020199999999999996,0.009299999999999975
5,0.01,0.04,2,0.009499999999999953,0.008700000000000041
5,0.01,0.04,3,0.010800000000000032,0.009000000000000008
5,0.01,0.04,4,0.011099999999999999,0.009800000000000031
5,0.01,0.06,1,0.022399999999999975,0.011099999999999999
5,0.01,0.06,2,0.011299999999999977,0.010099999999999998
5,0.01,0.06,3,0.010600000000000054,0.011900000000000022
5,0.01,0.06,4,0.010700000000000043,0.009299999999999975
5,0.01,0.08,1,0.020000000000000018,0.008700000000000041
5,0.01,0.08,2,0.012599999999999945,0.01100000000000001
5,0.01,0.08,3,0.008600000000000052,0.008600000000000052
5,0.01,0.08,4,0.011700000000000044,0.011199999999999988
5,0.01,0.1,1,0.02090000000000003,0.010499999999999954
5,0.01,0.1,2,0.0121,0.010800000000000032
5,0.01,0.1,3,0.010800000000000032,0.010000000000000009
5,0.01,0.1,4,0.010800000000000032,0.010199999999999987
5,0.03,0.0,1,0.04059999999999997,0.03259999999999996
5,0.03,0.0,2,0.03049999999999997,0.030200000000000005
5,0.03,0.0,3,0.028100000000000014,0.028800000000000048
5,0.03,0.0,4,0.031200000000000006,0.03380000000000005
5,0.03,0.02,1,0.05369999999999997,0.03069999999999995
5,0.03,0.02,2,0.028900000000000037,0.03059999999999996
5,0.03,0.02,3,0.02969999999999995,0.030100000000000016
5,0.03,0.02,4,0.02969999999999995,0.027599999999999958
5,0.03,0.04,1,0.05569999999999997,0.029299999999999993
5,0.03,0.04,2,0.03300000000000003,0.030200000000000005
5,0.03,0.04,3,0.03310000000000002,0.034399999999999986
5,0.03,0.04,4,0.031000000000000028,0.03049999999999997
5,0.03,0.06,1,0.06240000000000001,0.03169999999999995
5,0.03,0.06,2,0.03590000000000004,0.0343
5,0.03,0.06,3,0.02939999999999998,0.02980000000000005
5,0.03,0.06,4,0.030299999999999994,0.03049999999999997
5,0.03,0.08,1,0.059599999999999986,0.029100000000000015
5,0.03,0.08,2,0.03290000000000004,0.03390000000000004
5,0.03,0.08,3,0.02949999999999997,0.027800000000000047
5,0.03,0.08,4,0.03080000000000005,0.030100000000000016
5,0.03,0.1,1,0.05940000000000001,0.031200000000000006
5,0.03,0.1,2,0.03080000000000005,0.03200000000000003
5,0.03,0.1,3,0.03169999999999995,0.02980000000000005
5,0.03,0.1,4,0.03169999999999995,0.031200000000000006
5,0.05,0.0,1,0.07599999999999996,0.052000000000000046
5,0.05,0.0,2,0.05300000000000005,0.04720000000000002
5,0.05,0.0,3,0.050799999999999956,0.05010000000000003
5,0.05,0.0,4,0.04949999999999999,0.048699999999999966
5,0.05,0.02,1,0.09109999999999996,0.05389999999999995
5,0.05,0.02,2,0.055400000000000005,0.04810000000000003
5,0.05,0.02,3,0.05249999999999999,0.049799999999999955
5,0.05,0.02,4,0.047799999999999954,0.05030000000000001
5,0.05,0.04,1,0.0947,0.049900000000000055
5,0.05,0.04,2,0.05600000000000005,0.052000000000000046
5,0.05,0.04,3,0.05389999999999995,0.053100000000000036
5,0.05,0.04,4,0.048900000000000055,0.04930000000000001
5,0.05,0.06,1,0.09509999999999996,0.05020000000000002
5,0.05,0.06,2,0.051899999999999946,0.0514
5,0.05,0.06,3,0.05010000000000003,0.05030000000000001
5,0.05,0.06,4,0.054300000000000015,0.05249999999999999
5,0.05,0.08,1,0.0988,0.05179999999999996
5,0.05,0.08,2,0.05610000000000004,0.0514
5,0.05,0.08,3,0.0534,0.05169999999999997
5,0.05,0.08,4,0.05159999999999998,0.05289999999999995
5,0.05,0.1,1,0.09750000000000003,0.053100000000000036
5,0.05,0.1,2,0.0514,0.05130000000000001
5,0.05,0.1,3,0.053200000000000025,0.05269999999999997
5,0.05,0.1,4,0.05630000000000002,0.05600000000000005
5,0.07,0.0,1,0.10660000000000003,0.0695
5,0.07,0.0,2,0.0706,0.0655
5,0.07,0.0,3,0.07279999999999998,0.06930000000000003
5,0.07,0.0,4,0.07110000000000005,0.07140000000000002
5,0.07,0.02,1,0.126,0.06459999999999999
5,0.07,0.02,2,0.07689999999999997,0.07240000000000002
5,0.07,0.02,3,0.07030000000000003,0.0696
5,0.07,0.02,4,0.07389999999999997,0.0736
5,0.07,0.04,1,0.12849999999999995,0.0716
5,0.07,0.04,2,0.07889999999999997,0.07389999999999997
5,0.07,0.04,3,0.07179999999999997,0.07189999999999996
5,0.07,0.04,4,0.07079999999999997,0.06769999999999998
5,0.07,0.06,1,0.13290000000000002,0.07189999999999996
5,0.07,0.06,2,0.07609999999999995,0.07310000000000005
5,0.07,0.06,3,0.07369999999999999,0.07199999999999995
5,0.07,0.06,4,0.06869999999999998,0.0716
5,0.07,0.08,1,0.1351,0.07189999999999996
5,0.07,0.08,2,0.07689999999999997,0.0696
5,0.07,0.08,3,0.07140000000000002,0.06979999999999997
5,0.07,0.08,4,0.07040000000000002,0.06930000000000003
5,0.07,0.1,1,0.13,0.06810000000000005
5,0.07,0.1,2,0.08420000000000005,0.07640000000000002
5,0.07,0.1,3,0.07299999999999995,0.07340000000000002
5,0.07,0.1,4,0.07840000000000003,0.07830000000000004
5,0.1,0.0,1,0.1583,0.10360000000000003
5,0.1,0.0,2,0.11080000000000001,0.10540000000000005
5,0.1,0.0,3,0.10319999999999996,0.10140000000000005
5,0.1,0.0,4,0.1028,0.10309999999999997
5,0.1,0.02,1,0.1795,0.10860000000000003
5,0.1,0.02,2,0.12009999999999998,0.11329999999999996
5,0.1,0.02,3,0.11639999999999995,0.11060000000000003
5,0.1,0.02,4,0.1049,0.1049
5,0.1,0.04,1,0.18510000000000004,0.10609999999999997
5,0.1,0.04,2,0.11009999999999998,0.09889999999999999
5,0.1,0.04,3,0.1038,0.0988
5,0.1,0.04,4,0.09599999999999997,0.09809999999999997
5,0.1,0.06,1,0.1894,0.10699999999999998
5,0.1,0.06,2,0.11370000000000002,0.10450000000000004
5,0.1,0.06,3,0.10170000000000001,0.10219999999999996
5,0.1,0.06,4,0.09960000000000002,0.10109999999999997
5,0.1,0.08,1,0.1885,0.1089
5,0.1,0.08,2,0.11160000000000003,0.10209999999999997
5,0.1,0.08,3,0.10440000000000005,0.10409999999999997
5,0.1,0.08,4,0.1018,0.10160000000000002
5,0.1,0.1,1,0.19069999999999998,0.10460000000000003
5,0.1,0.1,2,0.11309999999999998,0.10350000000000004
5,0.1,0.1,3,0.1069,0.10640000000000005
5,0.1,0.1,4,0.10299999999999998,0.1018
6,0.01,0.0,1,0.01319999999999999,0.009600000000000053
6,0.01,0.0,2,0.00880000000000003,0.00880000000000003
6,0.01,0.0,3,0.007299999999999973,0.007900000000000018
6,0.01,0.0,4,0.010800000000000032,0.009299999999999975
6,0.01,0.02,1,0.019399999999999973,0.010800000000000032
6,0.01,0.02,2,0.009499999999999953,0.009299999999999975
6,0.01,0.02,3,0.009800000000000031,0.008499999999999952
6,0.01,0.02,4,0.011099999999999999,0.012299999999999978
6,0.01,0.04,1,0.021199999999999997,0.010700000000000043
6,0.01,0.04,2,0.01090000000000002,0.010499999999999954
6,0.01,0.04,3,0.011099999999999999,0.00990000000000002
6,0.01,0.04,4,0.010399999999999965,0.010800000000000032
6,0.01,0.06,1,0.024700000000000055,0.009499999999999953
6,0.01,0.06,2,0.010099999999999998,0.010099999999999998
6,0.01,0.06,3,0.01100000000000001,0.011900000000000022
6,0.01,0.06,4,0.009600000000000053,0.009399999999999964
6,0.01,0.08,1,0.021499999999999964,0.009499999999999953
6,0.01,0.08,2,0.010399999999999965,0.009499999999999953
6,0.01,0.08,3,0.008700000000000041,0.008399999999999963
6,0.01,0.08,4,0.008900000000000019,0.009099999999999997
6,0.01,0.1,1,0.021700000000000053,0.010199999999999987
6,0.01,0.1,2,0.009199999999999986,0.008299999999999974
6,0.01,0.1,3,0.010299999999999976,0.008700000000000041
6,0.01,0.1,4,0.011199999999999988,0.011399999999999966
6,0.03,0.0,1,0.045399999999999996,0.029100000000000015
6,0.03,0.0,2,0.03280000000000005,0.032299999999999995
6,0.03,0.0,3,0.028800000000000048,0.030000000000000027
6,0.03,0.0,4,0.02980000000000005,0.030000000000000027
6,0.03,0.02,1,0.05810000000000004,0.031399999999999983
6,0.03,0.02,2,0.03400000000000003,0.03400000000000003
6,0.03,0.02,3,0.031100000000000017,0.02959999999999996
6,0.03,0.02,4,0.032399999999999984,0.032200000000000006
6,0.03,0.04,1,0.059699999999999975,0.030399999999999983
6,0.03,0.04,2,0.032299999999999995,0.03149999999999997
6,0.03,0.04,3,0.029000000000000026,0.029100000000000015
6,0.03,0.04,4,0.03269999999999995,0.03169999999999995
6,0.03,0.06,1,0.06220000000000003,0.03320000000000001
6,0.03,0.06,2,0.038000000000000034,0.03200000000000003
6,0.03,0.06,3,0.033399999999999985,0.03249999999999997
6,0.03,0.06,4,0.03090000000000004,0.03269999999999995
6,0.03,0.08,1,0.05679999999999996,0.03200000000000003
6,0.03,0.08,2,0.03500000000000003,0.03249999999999997
6,0.03,0.08,3,0.035800000000000054,0.03369999999999995
6,0.03,0.08,4,0.026800000000000046,0.027000000000000024
6,0.03,0.1,1,0.061000000000000054,0.027800000000000047
6,0.03,0.1,2,0.036699999999999955,0.03200000000000003
6,0.03,0.1,3,0.032299999999999995,0.03090000000000004
6,0.03,0.1,4,0.028800000000000048,0.028200000000000003
6,0.05,0.0,1,0.08530000000000004,0.0494
6,0.05,0.0,2,0.05020000000000002,0.04730000000000001
6,0.05,0.0,3,0.0474,0.04910000000000003
6,0.05,0.0,4,0.04920000000000002,0.0484
6,0.05,0.02,1,0.09630000000000005,0.0494
6,0.05,0.02,2,0.05379999999999996,0.04930000000000001
6,0.05,0.02,3,0.05369999999999997,0.05469999999999997
6,0.05,0.02,4,0.04930000000000001,0.0504
6,0.05,0.04,1,0.09530000000000005,0.04520000000000002
6,0.05,0.04,2,0.0534,0.053100000000000036
6,0.05,0.04,3,0.05159999999999998,0.05120000000000002
6,0.05,0.04,4,0.051899999999999946,0.05149999999999999
6,0.05,0.06,1,0.09999999999999998,0.05149999999999999
6,0.05,0.06,2,0.05630000000000002,0.05300000000000005
6,0.05,0.06,3,0.052200000000000024,0.0514
6,0.05,0.06,4,0.047799999999999954,0.047699999999999965
6,0.05,0.08,1,0.0948,0.04730000000000001
6,0.05,0.08,2,0.054300000000000015,0.048900000000000055
6,0.05,0.08,3,0.05030000000000001,0.049000000000000044
6,0.05,0.08,4,0.04859999999999998,0.0494
6,0.05,0.1,1,0.10089999999999999,0.0494
6,0.05,0.1,2,0.05710000000000004,0.05179999999999996
6,0.05,0.1,3,0.05059999999999998,0.050799999999999956
6,0.05,0.1,4,0.049000000000000044,0.04859999999999998
6,0.07,0.0,1,0.12729999999999997,0.07130000000000003
6,0.07,0.0,2,0.07569999999999999,0.0726
6,0.07,0.0,3,0.07199999999999995,0.07050000000000001
6,0.07,0.0,4,0.07440000000000002,0.07389999999999997
6,0.07,0.02,1,0.12770000000000004,0.06820000000000004
6,0.07,0.02,2,0.07520000000000004,0.0716
6,0.07,0.02,3,0.07189999999999996,0.0685
6,0.07,0.02,4,0.07040000000000002,0.07140000000000002
6,0.07,0.04,1,0.1382,0.07189999999999996
6,0.07,0.04,2,0.08279999999999998,0.07320000000000004
6,0.07,0.04,3,0.0766,0.07640000000000002
6,0.07,0.04,4,0.07099999999999995,0.0716
6,0.07,0.06,1,0.13360000000000005,0.0716
6,0.07,0.06,2,0.07469999999999999,0.06920000000000004
6,0.07,0.06,3,0.07389999999999997,0.07150000000000001
6,0.07,0.06,4,0.07350000000000001,0.0726
6,0.07,0.08,1,0.1361,0.07179999999999997
6,0.07,0.08,2,0.08209999999999995,0.07609999999999995
6,0.07,0.08,3,0.07579999999999998,0.07499999999999996
6,0.07,0.08,4,0.07189999999999996,0.07069999999999999
6,0.07,0.1,1,0.13470000000000004,0.07340000000000002
6,0.07,0.1,2,0.07689999999999997,0.07150000000000001
6,0.07,0.1,3,0.07110000000000005,0.0696
6,0.07,0.1,4,0.07269999999999999,0.07389999999999997
6,0.1,0.0,1,0.18079999999999996,0.1058
6,0.1,0.0,2,0.11260000000000003,0.1058
6,0.1,0.0,3,0.10829999999999995,0.10809999999999997
6,0.1,0.0,4,0.10499999999999998,0.10250000000000004
6,0.1,0.02,1,0.18779999999999997,0.09870000000000001
6,0.1,0.02,2,0.10829999999999995,0.10770000000000002
6,0.1,0.02,3,0.10870000000000002,0.10770000000000002
6,0.1,0.02,4,0.10519999999999996,0.1048
6,0.1,0.04,1,0.19320000000000004,0.10260000000000002
6,0.1,0.04,2,0.11280000000000001,0.10509999999999997
6,0.1,0.04,3,0.10650000000000004,0.10619999999999996
6,0.1,0.04,4,0.10650000000000004,0.10350000000000004
6,0.1,0.06,1,0.1915,0.10670000000000002
6,0.1,0.06,2,0.10719999999999996,0.10189999999999999
6,0.1,0.06,3,0.10699999999999998,0.1049
6,0.1,0.06,4,0.10209999999999997,0.10260000000000002
6,0.1,0.08,1,0.19879999999999998,0.10370000000000001
6,0.1,0.08,2,0.12160000000000004,0.11260000000000003
6,0.1,0.08,3,0.10329999999999995,0.1028
6,0.1,0.08,4,0.10719999999999996,0.10760000000000003
6,0.1,0.1,1,0.19669999999999999,0.10509999999999997
6,0.1,0.1,2,0.11609999999999998,0.10870000000000002
6,0.1,0.1,3,0.11250000000000004,0.10880000000000001
6,0.1,0.1,4,0.10740000000000005,0.10650000000000004
7,0.01,0.0,1,0.013299999999999979,0.010299999999999976
7,0.01,0.0,2,0.008299999999999974,0.008600000000000052
7,0.01,0.0,3,0.009299999999999975,0.009600000000000053
7,0.01,0.0,4,0.009199999999999986,0.009399999999999964
7,0.01,0.02,1,0.02210000000000001,0.011700000000000044
7,0.01,0.02,2,0.011700000000000044,0.011299999999999977
7,0.01,0.02,3,0.011099999999999999,0.010499999999999954
7,0.01,0.02,4,0.010199999999999987,0.010499999999999954
7,0.01,0.04,1,0.01959999999999995,0.009499999999999953
7,0.01,0.04,2,0.010499999999999954,0.011199999999999988
7,0.01,0.04,3,0.010700000000000043,0.011600000000000055
7,0.01,0.04,4,0.009299999999999975,0.009800000000000031
7,0.01,0.06,1,0.020100000000000007,0.009000000000000008
7,0.01,0.06,2,0.00880000000000003,0.010199999999999987
7,0.01,0.06,3,0.010000000000000009,0.010600000000000054
7,0.01,0.06,4,0.011199999999999988,0.010700000000000043
7,0.01,0.08,1,0.017299999999999982,0.009600000000000053
7,0.01,0.08,2,0.010600000000000054,0.008700000000000041
7,0.01,0.08,3,0.011700000000000044,0.009499999999999953
7,0.01,0.08,4,0.011099999999999999,0.010700000000000043
7,0.01,0.1,1,0.021100000000000008,0.010299999999999976
7,0.01,0.1,2,0.010800000000000032,0.011800000000000033
7,0.01,0.1,3,0.008499999999999952,0.010199999999999987
7,0.01,0.1,4,0.009399999999999964,0.010099999999999998
7,0.03,0.0,1,0.05449999999999999,0.02949999999999997
7,0.03,0.0,2,0.03090000000000004,0.02980000000000005
7,0.03,0.0,3,0.03190000000000004,0.03169999999999995
7,0.03,0.0,4,0.027000000000000024,0.029000000000000026
7,0.03,0.02,1,0.056400000000000006,0.027800000000000047
7,0.03,0.02,2,0.03049999999999997,0.031000000000000028
7,0.03,0.02,3,0.028699999999999948,0.02849999999999997
7,0.03,0.02,4,0.030399999999999983,0.02969999999999995
7,0.03,0.04,1,0.061000000000000054,0.029299999999999993
7,0.03,0.04,2,0.03149999999999997,0.026499999999999968
7,0.03,0.04,3,0.03180000000000005,0.03059999999999996
7,0.03,0.04,4,0.02839999999999998,0.028699999999999948
7,0.03,0.06,1,0.05830000000000002,0.026800000000000046
7,0.03,0.06,2,0.03200000000000003,0.03090000000000004
7,0.03,0.06,3,0.029299999999999993,0.030399999999999983
7,0.03,0.06,4,0.02939999999999998,0.028800000000000048
7,0.03,0.08,1,0.05989999999999995,0.02839999999999998
7,0.03,0.08,2,0.033299999999999996,0.03080000000000005
7,0.03,0.08,3,0.031000000000000028,0.03190000000000004
7,0.03,0.08,4,0.03169999999999995,0.03200000000000003
7,0.03,0.1,1,0.06220000000000003,0.02839999999999998
7,0.03,0.1,2,0.033499999999999974,0.031000000000000028
7,0.03,0.1,3,0.032299999999999995,0.03210000000000002
7,0.03,0.1,4,0.03080000000000005,0.03049999999999997
7,0.05,0.0,1,0.09599999999999997,0.0514
7,0.05,0.0,2,0.0504,0.0474
7,0.05,0.0,3,0.04959999999999998,0.047599999999999976
7,0.05,0.0,4,0.047599999999999976,0.04600000000000004
7,0.05,0.02,1,0.09809999999999997,0.05069999999999997
7,0.05,0.02,2,0.05300000000000005,0.0514
7,0.05,0.02,3,0.050899999999999945,0.052100000000000035
7,0.05,0.02,4,0.05149999999999999,0.05020000000000002
7,0.05,0.04,1,0.09489999999999998,0.0494
7,0.05,0.04,2,0.05259999999999998,0.049900000000000055
7,0.05,0.04,3,0.05069999999999997,0.050899999999999945
7,0.05,0.04,4,0.049000000000000044,0.051000000000000045
7,0.05,0.06,1,0.09840000000000004,0.05149999999999999
7,0.05,0.06,2,0.05030000000000001,0.05030000000000001
7,0.05,0.06,3,0.053200000000000025,0.05300000000000005
7,0.05,0.06,4,0.04730000000000001,0.04810000000000003
7,0.05,0.08,1,0.0948,0.048799999999999955
7,0.05,0.08,2,0.05679999999999996,0.05479999999999996
7,0.05,0.08,3,0.048900000000000055,0.0494
7,0.05,0.08,4,0.0514,0.0504
7,0.05,0.1,1,0.09830000000000005,0.04930000000000001
7,0.05,0.1,2,0.0524,0.04820000000000002
7,0.05,0.1,3,0.05400000000000005,0.05369999999999997
7,0.05,0.1,4,0.049799999999999955,0.049699999999999966
7,0.07,0.0,1,0.12460000000000004,0.07410000000000005
7,0.07,0.0,2,0.0736,0.07010000000000005
7,0.07,0.0,3,0.07010000000000005,0.06779999999999997
7,0.07,0.0,4,0.0756,0.07620000000000005
7,0.07,0.02,1,0.13329999999999997,0.07020000000000004
7,0.07,0.02,2,0.07350000000000001,0.07169999999999999
7,0.07,0.02,3,0.07340000000000002,0.07469999999999999
7,0.07,0.02,4,0.07240000000000002,0.07199999999999995
7,0.07,0.04,1,0.13980000000000004,0.0756
7,0.07,0.04,2,0.07469999999999999,0.06979999999999997
7,0.07,0.04,3,0.07489999999999997,0.07709999999999995
7,0.07,0.04,4,0.07389999999999997,0.07140000000000002
7,0.07,0.06,1,0.131,0.06899999999999995
7,0.07,0.06,2,0.07940000000000003,0.07469999999999999
7,0.07,0.06,3,0.07440000000000002,0.07350000000000001
7,0.07,0.06,4,0.07350000000000001,0.07399999999999995
7,0.07,0.08,1,0.13770000000000004,0.07150000000000001
7,0.07,0.08,2,0.08089999999999997,0.07299999999999995
7,0.07,0.08,3,0.06969999999999998,0.06979999999999997
7,0.07,0.08,4,0.07489999999999997,0.07579999999999998
7,0.07,0.1,1,0.1421,0.07330000000000003
7,0.07,0.1,2,0.0797,0.07189999999999996
7,0.07,0.1,3,0.07669999999999999,0.07599999999999996
7,0.07,0.1,4,0.07530000000000003,0.07420000000000004
7,0.1,0.0,1,0.18679999999999997,0.10960000000000003
7,0.1,0.0,2,0.10860000000000003,0.10189999999999999
7,0.1,0.0,3,0.10229999999999995,0.10140000000000005
7,0.1,0.0,4,0.10699999999999998,0.10399999999999998
7,0.1,0.02,1,0.19479999999999997,0.10070000000000001
7,0.1,0.02,2,0.11180000000000001,0.10529999999999995
7,0.1,0.02,3,0.11040000000000005,0.11009999999999998
7,0.1,0.02,4,0.10829999999999995,0.10750000000000004
7,0.1,0.04,1,0.1975,0.10909999999999997
7,0.1,0.04,2,0.11319999999999997,0.10609999999999997
7,0.1,0.04,3,0.11370000000000002,0.1129
7,0.1,0.04,4,0.10340000000000005,0.10109999999999997
7,0.1,0.06,1,0.19540000000000002,0.10650000000000004
7,0.1,0.06,2,0.11409999999999998,0.10260000000000002
7,0.1,0.06,3,0.11550000000000005,0.11209999999999998
7,0.1,0.06,4,0.1038,0.10150000000000003
7,0.1,0.08,1,0.1996,0.10140000000000005
7,0.1,0.08,2,0.11250000000000004,0.10609999999999997
7,0.1,0.08,3,0.11129999999999995,0.1069
7,0.1,0.08,4,0.10719999999999996,0.10760000000000003
7,0.1,0.1,1,0.19230000000000003,0.10299999999999998
7,0.1,0.1,2,0.11360000000000003,0.10170000000000001
7,0.1,0.1,3,0.10819999999999996,0.10389999999999999
7,0.1,0.1,4,0.10540000000000005,0.1059
8,0.01,0.0,1,0.01749999999999996,0.010700000000000043
8,0.01,0.0,2,0.009600000000000053,0.010399999999999965
8,0.01,0.0,3,0.010299999999999976,0.008900000000000019
8,0.01,0.0,4,0.009099999999999997,0.009600000000000053
8,0.01,0.02,1,0.02210000000000001,0.010800000000000032
8,0.01,0.02,2,0.010299999999999976,0.009199999999999986
8,0.01,0.02,3,0.009299999999999975,0.007199999999999984
8,0.01,0.02,4,0.011700000000000044,0.011800000000000033
8,0.01,0.04,1,0.02210000000000001,0.009600000000000053
8,0.01,0.04,2,0.011900000000000022,0.011600000000000055
8,0.01,0.04,3,0.009800000000000031,0.009399999999999964
8,0.01,0.04,4,0.010000000000000009,0.010399999999999965
8,0.01,0.06,1,0.022800000000000042,0.010600000000000054
8,0.01,0.06,2,0.012299999999999978,0.010000000000000009
8,0.01,0.06,3,0.008399999999999963,0.008700000000000041
8,0.01,0.06,4,0.010399999999999965,0.010399999999999965
8,0.01,0.08,1,0.019100000000000006,0.009499999999999953
8,0.01,0.08,2,0.009399999999999964,0.008700000000000041
8,0.01,0.08,3,0.010800000000000032,0.011299999999999977
8,0.01,0.08,4,0.0121,0.012700000000000045
8,0.01,0.1,1,0.021599999999999953,0.01090000000000002
8,0.01,0.1,2,0.01090000000000002,0.011499999999999955
8,0.01,0.1,3,0.01100000000000001,0.011499999999999955
8,0.01,0.1,4,0.009700000000000042,0.009199999999999986
8,0.03,0.0,1,0.052000000000000046,0.03069999999999995
8,0.03,0.0,2,0.027800000000000047,0.02959999999999996
8,0.03,0.0,3,0.028200000000000003,0.03069999999999995
8,0.03,0.0,4,0.02859999999999996,0.02739999999999998
8,0.03,0.02,1,0.06169999999999998,0.03180000000000005
8,0.03,0.02,2,0.030100000000000016,0.030100000000000016
8,0.03,0.02,3,0.029000000000000026,0.030299999999999994
8,0.03,0.02,4,0.03200000000000003,0.03249999999999997
8,0.03,0.04,1,0.05889999999999995,0.02849999999999997
8,0.03,0.04,2,0.02980000000000005,0.02969999999999995
8,0.03,0.04,3,0.03190000000000004,0.03049999999999997
8,0.03,0.04,4,0.029000000000000026,0.027900000000000036
8,0.03,0.06,1,0.06310000000000004,0.031000000000000028
8,0.03,0.06,2,0.02749999999999997,0.02849999999999997
8,0.03,0.06,3,0.030200000000000005,0.030000000000000027
8,0.03,0.06,4,0.028200000000000003,0.02749999999999997
8,0.03,0.08,1,0.05930000000000002,0.026699999999999946
8,0.03,0.08,2,0.03280000000000005,0.030299999999999994
8,0.03,0.08,3,0.029299999999999993,0.028000000000000025
8,0.03,0.08,4,0.03149999999999997,0.03280000000000005
8,0.03,0.1,1,0.06130000000000002,0.02959999999999996
8,0.03,0.1,2,0.03359999999999996,0.029299999999999993
8,0.03,0.1,3,0.03159999999999996,0.033499999999999974
8,0.03,0.1,4,0.03049999999999997,0.03180000000000005
8,0.05,0.0,1,0.09640000000000004,0.05249999999999999
8,0.05,0.0,2,0.055499999999999994,0.05149999999999999
8,0.05,0.0,3,0.049699999999999966,0.049000000000000044
8,0.05,0.0,4,0.05149999999999999,0.05159999999999998
8,0.05,0.02,1,0.09989999999999999,0.052100000000000035
8,0.05,0.02,2,0.0484,0.048799999999999955
8,0.05,0.02,3,0.0504,0.05120000000000002
8,0.05,0.02,4,0.04910000000000003,0.05020000000000002
8,0.05,0.04,1,0.0988,0.052100000000000035
8,0.05,0.04,2,0.05830000000000002,0.05179999999999996
8,0.05,0.04,3,0.0534,0.0514
8,0.05,0.04,4,0.04800000000000004,0.04949999999999999
8,0.05,0.06,1,0.10129999999999995,0.05359999999999998
8,0.05,0.06,2,0.053100000000000036,0.05259999999999998
8,0.05,0.06,3,0.05379999999999996,0.05449999999999999
8,0.05,0.06,4,0.048799999999999955,0.049000000000000044
8,0.05,0.08,1,0.09919999999999995,0.04949999999999999
8,0.05,0.08,2,0.05600000000000005,0.05130000000000001
8,0.05,0.08,3,0.05179999999999996,0.05120000000000002
8,0.05,0.08,4,0.05349999999999999,0.052100000000000035
8,0.05,0.1,1,0.10199999999999998,0.0484
8,0.05,0.1,2,0.05710000000000004,0.053200000000000025
8,0.05,0.1,3,0.05279999999999996,0.05159999999999998
8,0.05,0.1,4,0.049900000000000055,0.049900000000000055
8,0.07,0.0,1,0.13070000000000004,0.06359999999999999
8,0.07,0.0,2,0.07479999999999998,0.0706
8,0.07,0.0,3,0.0695,0.06810000000000005
8,0.07,0.0,4,0.07189999999999996,0.07079999999999997
8,0.07,0.02,1,0.13270000000000004,0.07030000000000003
8,0.07,0.02,2,0.07199999999999995,0.07199999999999995
8,0.07,0.02,3,0.07489999999999997,0.07130000000000003
8,0.07,0.02,4,0.06930000000000003,0.07069999999999999
8,0.07,0.04,1,0.13470000000000004,0.07389999999999997
8,0.07,0.04,2,0.07330000000000003,0.07079999999999997
8,0.07,0.04,3,0.07579999999999998,0.07199999999999995
8,0.07,0.04,4,0.07030000000000003,0.07010000000000005
8,0.07,0.06,1,0.14249999999999996,0.07199999999999995
8,0.07,0.06,2,0.07589999999999997,0.06810000000000005
8,0.07,0.06,3,0.07440000000000002,0.07509999999999994
8,0.07,0.06,4,0.07050000000000001,0.07079999999999997
8,0.07,0.08,1,0.14159999999999995,0.07450000000000001
8,0.07,0.08,2,0.0766,0.07079999999999997
8,0.07,0.08,3,0.07210000000000005,0.07130000000000003
8,0.07,0.08,4,0.07320000000000004,0.07140000000000002
8,0.07,0.1,1,0.1422,0.07450000000000001
8,0.07,0.1,2,0.07579999999999998,0.0726
8,0.07,0.1,3,0.07110000000000005,0.06840000000000002
8,0.07,0.1,4,0.07679999999999998,0.07530000000000003
8,0.1,0.0,1,0.1835,0.10319999999999996
8,0.1,0.0,2,0.11129999999999995,0.10709999999999997
8,0.1,0.0,3,0.10919999999999996,0.10570000000000002
8,0.1,0.0,4,0.10209999999999997,0.10209999999999997
8,0.1,0.02,1,0.1995,0.10319999999999996
8,0.1,0.02,2,0.1149,0.10619999999999996
8,0.1,0.02,3,0.10950000000000004,0.10670000000000002
8,0.1,0.02,4,0.10109999999999997,0.10409999999999997
8,0.1,0.04,1,0.20099999999999996,0.10660000000000003
8,0.1,0.04,2,0.10880000000000001,0.10250000000000004
8,0.1,0.04,3,0.10809999999999997,0.10719999999999996
8,0.1,0.04,4,0.11070000000000002,0.10760000000000003
8,0.1,0.06,1,0.20130000000000003,0.10360000000000003
8,0.1,0.06,2,0.11780000000000002,0.10970000000000002
8,0.1,0.06,3,0.10770000000000002,0.10399999999999998
8,0.1,0.06,4,0.10970000000000002,0.10909999999999997
8,0.1,0.08,1,0.19310000000000005,0.1079
8,0.1,0.08,2,0.11070000000000002,0.10670000000000002
8,0.1,0.08,3,0.10819999999999996,0.10289999999999999
8,0.1,0.08,4,0.11070000000000002,0.11209999999999998
8,0.1,0.1,1,0.20279999999999998,0.1078
8,0.1,0.1,2,0.11380000000000001,0.10529999999999995
8,0.1,0.1,3,0.10970000000000002,0.1058
8,0.1,0.1,4,0.10870000000000002,0.10770000000000002
9,0.01,0.0,1,0.01859999999999995,0.009600000000000053
9,0.01,0.0,2,0.010099999999999998,0.00990000000000002
9,0.01,0.0,3,0.009800000000000031,0.010299999999999976
9,0.01,0.0,4,0.01090000000000002,0.011099999999999999
9,0.01,0.02,1,0.021499999999999964,0.009299999999999975
9,0.01,0.02,2,0.008000000000000007,0.007399999999999962
9,0.01,0.02,3,0.008700000000000041,0.008000000000000007
9,0.01,0.02,4,0.008700000000000041,0.009399999999999964
9,0.01,0.04,1,0.02290000000000003,0.011099999999999999
9,0.01,0.04,2,0.009600000000000053,0.009099999999999997
9,0.01,0.04,3,0.011199999999999988,0.010399999999999965
9,0.01,0.04,4,0.008600000000000052,0.007299999999999973
9,0.01,0.06,1,0.022499999999999964,0.009499999999999953
9,0.01,0.06,2,0.010700000000000043,0.008700000000000041
9,0.01,0.06,3,0.010499999999999954,0.010499999999999954
9,0.01,0.06,4,0.009099999999999997,0.00880000000000003
9,0.01,0.08,1,0.02290000000000003,0.010600000000000054
9,0.01,0.08,2,0.010800000000000032,0.010800000000000032
9,0.01,0.08,3,0.008499999999999952,0.009299999999999975
9,0.01,0.08,4,0.009399999999999964,0.010199999999999987
9,0.01,0.1,1,0.02070000000000005,0.008900000000000019
9,0.01,0.1,2,0.011299999999999977,0.01100000000000001
9,0.01,0.1,3,0.010499999999999954,0.008900000000000019
9,0.01,0.1,4,0.009099999999999997,0.009700000000000042
9,0.03,0.0,1,0.05459999999999998,0.02839999999999998
9,0.03,0.0,2,0.030200000000000005,0.030000000000000027
9,0.03,0.0,3,0.03510000000000002,0.03420000000000001
9,0.03,0.0,4,0.030299999999999994,0.02980000000000005
9,0.03,0.02,1,0.062000000000000055,0.03069999999999995
9,0.03,0.02,2,0.03210000000000002,0.02849999999999997
9,0.03,0.02,3,0.03149999999999997,0.030100000000000016
9,0.03,0.02,4,0.03210000000000002,0.03090000000000004
9,0.03,0.04,1,0.06169999999999998,0.03059999999999996
9,0.03,0.04,2,0.031000000000000028,0.02949999999999997
9,0.03,0.04,3,0.03269999999999995,0.030100000000000016
9,0.03,0.04,4,0.033299999999999996,0.033499999999999974
9,0.03,0.06,1,0.06220000000000003,0.032200000000000006
9,0.03,0.06,2,0.032399999999999984,0.030399999999999983
9,0.03,0.06,3,0.030299999999999994,0.02849999999999997
9,0.03,0.06,4,0.031200000000000006,0.03069999999999995
9,0.03,0.08,1,0.059799999999999964,0.02980000000000005
9,0.03,0.08,2,0.03159999999999996,0.03149999999999997
9,0.03,0.08,3,0.030100000000000016,0.031200000000000006
9,0.03,0.08,4,0.03200000000000003,0.03249999999999997
9,0.03,0.1,1,0.060799999999999965,0.028299999999999992
9,0.03,0.1,2,0.032299999999999995,0.028800000000000048
9,0.03,0.1,3,0.027900000000000036,0.029000000000000026
9,0.03,0.1,4,0.03049999999999997,0.031399999999999983
9,0.05,0.0,1,0.09750000000000003,0.049000000000000044
9,0.05,0.0,2,0.049799999999999955,0.048900000000000055
9,0.05,0.0,3,0.05259999999999998,0.05010000000000003
9,0.05,0.0,4,0.05159999999999998,0.0504
9,0.05,0.02,1,0.09819999999999995,0.048799999999999955
9,0.05,0.02,2,0.05669999999999997,0.05149999999999999
9,0.05,0.02,3,0.050899999999999945,0.04959999999999998
9,0.05,0.02,4,0.04930000000000001,0.04730000000000001
9,0.05,0.04,1,0.10060000000000002,0.052200000000000024
9,0.05,0.04,2,0.050899999999999945,0.0484
9,0.05,0.04,3,0.05369999999999997,0.053100000000000036
9,0.05,0.04,4,0.04959999999999998,0.04830000000000001
9,0.05,0.06,1,0.09899999999999998,0.05130000000000001
9,0.05,0.06,2,0.05069999999999997,0.04920000000000002
9,0.05,0.06,3,0.05030000000000001,0.05169999999999997
9,0.05,0.06,4,0.0494,0.04910000000000003
9,0.05,0.08,1,0.10129999999999995,0.0534
9,0.05,0.08,2,0.0494,0.0494
9,0.05,0.08,3,0.05130000000000001,0.0504
9,0.05,0.08,4,0.051100000000000034,0.051000000000000045
9,0.05,0.1,1,0.09930000000000005,0.05300000000000005
9,0.05,0.1,2,0.05120000000000002,0.04820000000000002
9,0.05,0.1,3,0.0524,0.05159999999999998
9,0.05,0.1,4,0.0514,0.050899999999999945
9,0.07,0.0,1,0.13849999999999996,0.0706
9,0.07,0.0,2,0.07669999999999999,0.07199999999999995
9,0.07,0.0,3,0.06920000000000004,0.06679999999999997
9,0.07,0.0,4,0.06940000000000002,0.07069999999999999
9,0.07,0.02,1,0.13439999999999996,0.06969999999999998
9,0.07,0.02,2,0.07499999999999996,0.07450000000000001
9,0.07,0.02,3,0.06989999999999996,0.06830000000000003
9,0.07,0.02,4,0.06779999999999997,0.06740000000000002
9,0.07,0.04,1,0.138,0.07250000000000001
9,0.07,0.04,2,0.07709999999999995,0.07230000000000003
9,0.07,0.04,3,0.07310000000000005,0.0706
9,0.07,0.04,4,0.07050000000000001,0.0695
9,0.07,0.06,1,0.13829999999999998,0.07299999999999995
9,0.07,0.06,2,0.07310000000000005,0.07240000000000002
9,0.07,0.06,3,0.07550000000000001,0.07220000000000004
9,0.07,0.06,4,0.07540000000000002,0.07389999999999997
9,0.07,0.08,1,0.13560000000000005,0.07010000000000005
9,0.07,0.08,2,0.07240000000000002,0.0706
9,0.07,0.08,3,0.0746,0.07320000000000004
9,0.07,0.08,4,0.07540000000000002,0.07320000000000004
9,0.07,0.1,1,0.1462,0.07620000000000005
9,0.07,0.1,2,0.07140000000000002,0.06789999999999996
9,0.07,0.1,3,0.0746,0.07269999999999999
9,0.07,0.1,4,0.07879999999999998,0.07820000000000005
9,0.1,0.0,1,0.19989999999999997,0.10670000000000002
9,0.1,0.0,2,0.10499999999999998,0.1018
9,0.1,0.0,3,0.10850000000000004,0.10709999999999997
9,0.1,0.0,4,0.1049,0.1018
9,0.1,0.02,1,0.1997,0.10719999999999996
9,0.1,0.02,2,0.1099,0.10750000000000004
9,0.1,0.02,3,0.10980000000000001,0.10919999999999996
9,0.1,0.02,4,0.10660000000000003,0.10729999999999995
9,0.1,0.04,1,0.2017,0.10809999999999997
9,0.1,0.04,2,0.10289999999999999,0.09899999999999998
9,0.1,0.04,3,0.10619999999999996,0.10309999999999997
9,0.1,0.04,4,0.10940000000000005,0.11019999999999996
9,0.1,0.06,1,0.1977,0.10440000000000005
9,0.1,0.06,2,0.11229999999999996,0.1069
9,0.1,0.06,3,0.11460000000000004,0.10860000000000003
9,0.1,0.06,4,0.10929999999999995,0.10950000000000004
9,0.1,0.08,1,0.2047,0.11070000000000002
9,0.1,0.08,2,0.11380000000000001,0.10899999999999999
9,0.1,0.08,3,0.10999999999999999,0.10599999999999998
9,0.1,0.08,4,0.1038,0.10089999999999999
9,0.1,0.1,1,0.20640000000000003,0.10919999999999996
9,0.1,0.1,2,0.1169,0.10770000000000002
9,0.1,0.1,3,0.11050000000000004,0.10829999999999995
9,0.1,0.1,4,0.1139,0.11160000000000003
10,0.01,0.0,1,0.018299999999999983,0.009399999999999964
10,0.01,0.0,2,0.009700000000000042,0.009600000000000053
10,0.01,0.0,3,0.009000000000000008,0.009199999999999986
10,0.01,0.0,4,0.011800000000000033,0.0121
10,0.01,0.02,1,0.02190000000000003,0.011199999999999988
10,0.01,0.02,2,0.010600000000000054,0.010399999999999965
10,0.01,0.02,3,0.010399999999999965,0.009399999999999964
10,0.01,0.02,4,0.011199999999999988,0.011499999999999955
10,0.01,0.04,1,0.019399999999999973,0.010499999999999954
10,0.01,0.04,2,0.011499999999999955,0.011299999999999977
10,0.01,0.04,3,0.010299999999999976,0.009700000000000042
10,0.01,0.04,4,0.011099999999999999,0.010700000000000043
10,0.01,0.06,1,0.019399999999999973,0.008900000000000019
10,0.01,0.06,2,0.011499999999999955,0.010700000000000043
10,0.01,0.06,3,0.009199999999999986,0.008299999999999974
10,0.01,0.06,4,0.010399999999999965,0.009600000000000053
10,0.01,0.08,1,0.01980000000000004,0.011499999999999955
10,0.01,0.08,2,0.010299999999999976,0.00990000000000002
10,0.01,0.08,3,0.010099999999999998,0.009499999999999953
10,0.01,0.08,4,0.010000000000000009,0.010099999999999998
10,0.01,0.1,1,0.02080000000000004,0.011399999999999966
10,0.01,0.1,2,0.01090000000000002,0.010299999999999976
10,0.01,0.1,3,0.009800000000000031,0.009199999999999986
10,0.01,0.1,4,0.011499999999999955,0.011099999999999999
10,0.03,0.0,1,0.0605,0.03159999999999996
10,0.03,0.0,2,0.031100000000000017,0.02980000000000005
10,0.03,0.0,3,0.03090000000000004,0.029900000000000038
10,0.03,0.0,4,0.03320000000000001,0.03290000000000004
10,0.03,0.02,1,0.06240000000000001,0.03249999999999997
10,0.03,0.02,2,0.03290000000000004,0.03149999999999997
10,0.03,0.02,3,0.028200000000000003,0.02839999999999998
10,0.03,0.02,4,0.026499999999999968,0.027699999999999947
10,0.03,0.04,1,0.05930000000000002,0.030299999999999994
10,0.03,0.04,2,0.03280000000000005,0.03159999999999996
10,0.03,0.04,3,0.028699999999999948,0.029100000000000015
10,0.03,0.04,4,0.032299999999999995,0.03059999999999996
10,0.03,0.06,1,0.06000000000000005,0.02859999999999996
10,0.03,0.06,2,0.03210000000000002,0.031299999999999994
10,0.03,0.06,3,0.027900000000000036,0.02749999999999997
10,0.03,0.06,4,0.031100000000000017,0.03190000000000004
10,0.03,0.08,1,0.06020000000000003,0.027900000000000036
10,0.03,0.08,2,0.03210000000000002,0.029000000000000026
10,0.03,0.08,3,0.03310000000000002,0.03300000000000003
10,0.03,0.08,4,0.03249999999999997,0.03149999999999997
10,0.03,0.1,1,0.06140000000000001,0.030000000000000027
10,0.03,0.1,2,0.03269999999999995,0.031200000000000006
10,0.03,0.1,3,0.03190000000000004,0.031399999999999983
10,0.03,0.1,4,0.028900000000000037,0.029100000000000015
10,0.05,0.0,1,0.09760000000000002,0.0474
10,0.05,0.0,2,0.05579999999999996,0.05479999999999996
10,0.05,0.0,3,0.05049999999999999,0.050000000000000044
10,0.05,0.0,4,0.050899999999999945,0.05149999999999999
10,0.05,0.02,1,0.09840000000000004,0.05020000000000002
10,0.05,0.02,2,0.05500000000000005,0.05130000000000001
10,0.05,0.02,3,0.05569999999999997,0.05679999999999996
10,0.05,0.02,4,0.048900000000000055,0.04830000000000001
10,0.05,0.04,1,0.10350000000000004,0.05359999999999998
10,0.05,0.04,2,0.05359999999999998,0.05269999999999997
10,0.05,0.04,3,0.04920000000000002,0.04930000000000001
10,0.05,0.04,4,0.05600000000000005,0.05510000000000004
10,0.05,0.06,1,0.09750000000000003,0.05120000000000002
10,0.05,0.06,2,0.05230000000000001,0.05030000000000001
10,0.05,0.06,3,0.05169999999999997,0.05289999999999995
10,0.05,0.06,4,0.052000000000000046,0.051000000000000045
10,0.05,0.08,1,0.0988,0.05059999999999998
10,0.05,0.08,2,0.05410000000000004,0.052100000000000035
10,0.05,0.08,3,0.04820000000000002,0.04749999999999999
10,0.05,0.08,4,0.05369999999999997,0.054200000000000026
10,0.05,0.1,1,0.10119999999999996,0.05120000000000002
10,0.05,0.1,2,0.05489999999999995,0.049699999999999966
10,0.05,0.1,3,0.05059999999999998,0.05010000000000003
10,0.05,0.1,4,0.05389999999999995,0.055400000000000005
10,0.07,0.0,1,0.1362,0.0726
10,0.07,0.0,2,0.07530000000000003,0.07140000000000002
10,0.07,0.0,3,0.0726,0.0696
10,0.07,0.0,4,0.07030000000000003,0.07099999999999995
10,0.07,0.02,1,0.14400000000000002,0.07430000000000003
10,0.07,0.02,2,0.07930000000000004,0.0726
10,0.07,0.02,3,0.07479999999999998,0.07299999999999995
10,0.07,0.02,4,0.06830000000000003,0.06740000000000002
10,0.07,0.04,1,0.14080000000000004,0.07189999999999996
10,0.07,0.04,2,0.06820000000000004,0.06579999999999997
10,0.07,0.04,3,0.07250000000000001,0.07289999999999996
10,0.07,0.04,4,0.06710000000000005,0.06730000000000003
10,0.07,0.06,1,0.13870000000000005,0.07210000000000005
10,0.07,0.06,2,0.07540000000000002,0.07210000000000005
10,0.07,0.06,3,0.07230000000000003,0.07110000000000005
10,0.07,0.06,4,0.07840000000000003,0.07650000000000001
10,0.07,0.08,1,0.14680000000000004,0.07840000000000003
10,0.07,0.08,2,0.07699999999999996,0.07250000000000001
10,0.07,0.08,3,0.07140000000000002,0.07079999999999997
10,0.07,0.08,4,0.07279999999999998,0.07099999999999995
10,0.07,0.1,1,0.1411,0.07440000000000002
10,0.07,0.1,2,0.08360000000000001,0.0766
10,0.07,0.1,3,0.07799999999999996,0.07430000000000003
10,0.07,0.1,4,0.07589999999999997,0.07299999999999995
10,0.1,0.0,1,0.19389999999999996,0.1018
10,0.1,0.0,2,0.11219999999999997,0.10360000000000003
10,0.1,0.0,3,0.11009999999999998,0.1049
10,0.1,0.0,4,0.10329999999999995,0.10360000000000003
10,0.1,0.02,1,0.19710000000000005,0.10619999999999996
10,0.1,0.02,2,0.1078,0.09840000000000004
10,0.1,0.02,3,0.10809999999999997,0.10160000000000002
10,0.1,0.02,4,0.10560000000000003,0.10360000000000003
10,0.1,0.04,1,0.19720000000000004,0.10550000000000004
10,0.1,0.04,2,0.11570000000000003,0.10929999999999995
10,0.1,0.04,3,0.11499999999999999,0.10819999999999996
10,0.1,0.04,4,0.11370000000000002,0.11329999999999996
10,0.1,0.06,1,0.2007,0.10550000000000004
10,0.1,0.06,2,0.12029999999999996,0.11109999999999998
10,0.1,0.06,3,0.1079,0.10409999999999997
10,0.1,0.06,4,0.1069,0.10809999999999997
10,0.1,0.08,1,0.19499999999999995,0.10229999999999995
10,0.1,0.08,2,0.121,0.11350000000000005
10,0.1,0.08,3,0.10809999999999997,0.10529999999999995
10,0.1,0.08,4,0.11060000000000003,0.11119999999999997
10,0.1,0.1,1,0.20199999999999996,0.10650000000000004
10,0.1,0.1,2,0.11909999999999998,0.1078
10,0.1,0.1,3,0.1089,0.1038
10,0.1,0.1,4,0.11199999999999999,0.1119
11,0.01,0.0,1,0.018199999999999994,0.008600000000000052
11,0.01,0.0,2,0.008099999999999996,0.010499999999999954
11,0.01,0.0,3,0.010800000000000032,0.011700000000000044
11,0.01,0.0,4,0.010800000000000032,0.011499999999999955
11,0.01,0.02,1,0.02080000000000004,0.009199999999999986
11,0.01,0.02,2,0.010099999999999998,0.010499999999999954
11,0.01,0.02,3,0.009700000000000042,0.00990000000000002
11,0.01,0.02,4,0.010800000000000032,0.010399999999999965
11,0.01,0.04,1,0.02090000000000003,0.011199999999999988
11,0.01,0.04,2,0.010700000000000043,0.010700000000000043
11,0.01,0.04,3,0.00880000000000003,0.009700000000000042
11,0.01,0.04,4,0.011299999999999977,0.010099999999999998
11,0.01,0.06,1,0.020199999999999996,0.009399999999999964
11,0.01,0.06,2,0.011600000000000055,0.011099999999999999
11,0.01,0.06,3,0.010099999999999998,0.009700000000000042
11,0.01,0.06,4,0.008600000000000052,0.008700000000000041
11,0.01,0.08,1,0.02310000000000001,0.008700000000000041
11,0.01,0.08,2,0.009600000000000053,0.009499999999999953
11,0.01,0.08,3,0.009199999999999986,0.00990000000000002
11,0.01,0.08,4,0.010600000000000054,0.010000000000000009
11,0.01,0.1,1,0.021199999999999997,0.010099999999999998
11,0.01,0.1,2,0.011199999999999988,0.010199999999999987
11,0.01,0.1,3,0.007900000000000018,0.008199999999999985
11,0.01,0.1,4,0.010499999999999954,0.009399999999999964
11,0.03,0.0,1,0.05830000000000002,0.030100000000000016
11,0.03,0.0,2,0.02749999999999997,0.02939999999999998
11,0.03,0.0,3,0.030299999999999994,0.02969999999999995
11,0.03,0.0,4,0.03080000000000005,0.03249999999999997
11,0.03,0.02,1,0.06120000000000003,0.030000000000000027
11,0.03,0.02,2,0.02739999999999998,0.03049999999999997
11,0.03,0.02,3,0.03169999999999995,0.031299999999999994
11,0.03,0.02,4,0.028699999999999948,0.028699999999999948
11,0.03,0.04,1,0.06010000000000004,0.028699999999999948
11,0.03,0.04,2,0.03310000000000002,0.03190000000000004
11,0.03,0.04,3,0.035800000000000054,0.03490000000000004
11,0.03,0.04,4,0.030100000000000016,0.03090000000000004
11,0.03,0.06,1,0.06559999999999999,0.03280000000000005
11,0.03,0.06,2,0.031299999999999994,0.03180000000000005
11,0.03,0.06,3,0.02839999999999998,0.029900000000000038
11,0.03,0.06,4,0.03059999999999996,0.030000000000000027
11,0.03,0.08,1,0.061899999999999955,0.031299999999999994
11,0.03,0.08,2,0.032299999999999995,0.02969999999999995
11,0.03,0.08,3,0.029900000000000038,0.03059999999999996
11,0.03,0.08,4,0.030000000000000027,0.029299999999999993
11,0.03,0.1,1,0.0635,0.032299999999999995
11,0.03,0.1,2,0.03149999999999997,0.03059999999999996
11,0.03,0.1,3,0.03410000000000002,0.033499999999999974
11,0.03,0.1,4,0.02749999999999997,0.02749999999999997
11,0.05,0.0,1,0.0988,0.04679999999999995
11,0.05,0.0,2,0.05020000000000002,0.04930000000000001
11,0.05,0.0,3,0.05410000000000004,0.05289999999999995
11,0.05,0.0,4,0.05120000000000002,0.049000000000000044
11,0.05,0.02,1,0.0948,0.04730000000000001
11,0.05,0.02,2,0.051000000000000045,0.04959999999999998
11,0.05,0.02,3,0.05130000000000001,0.05149999999999999
11,0.05,0.02,4,0.04849999999999999,0.04810000000000003
11,0.05,0.04,1,0.1018,0.052000000000000046
11,0.05,0.04,2,0.05449999999999999,0.051100000000000034
11,0.05,0.04,3,0.05520000000000003,0.05500000000000005
11,0.05,0.04,4,0.051100000000000034,0.05169999999999997
11,0.05,0.06,1,0.10019999999999996,0.05289999999999995
11,0.05,0.06,2,0.05010000000000003,0.04810000000000003
11,0.05,0.06,3,0.048799999999999955,0.04849999999999999
11,0.05,0.06,4,0.05059999999999998,0.0504
11,0.05,0.08,1,0.10460000000000003,0.053100000000000036
11,0.05,0.08,2,0.054200000000000026,0.050799999999999956
11,0.05,0.08,3,0.054300000000000015,0.054300000000000015
11,0.05,0.08,4,0.0504,0.049699999999999966
11,0.05,0.1,1,0.10050000000000003,0.05479999999999996
11,0.05,0.1,2,0.05740000000000001,0.05520000000000003
11,0.05,0.1,3,0.05400000000000005,0.05230000000000001
11,0.05,0.1,4,0.054200000000000026,0.054400000000000004
11,0.07,0.0,1,0.13539999999999996,0.0696
11,0.07,0.0,2,0.07420000000000004,0.07320000000000004
11,0.07,0.0,3,0.07130000000000003,0.06999999999999995
11,0.07,0.0,4,0.07299999999999995,0.07499999999999996
11,0.07,0.02,1,0.14249999999999996,0.07140000000000002
11,0.07,0.02,2,0.07620000000000005,0.07620000000000005
11,0.07,0.02,3,0.07289999999999996,0.0706
11,0.07,0.02,4,0.0716,0.07020000000000004
11,0.07,0.04,1,0.13880000000000003,0.06989999999999996
11,0.07,0.04,2,0.07630000000000003,0.07509999999999994
11,0.07,0.04,3,0.07289999999999996,0.07040000000000002
11,0.07,0.04,4,0.07599999999999996,0.07540000000000002
11,0.07,0.06,1,0.13890000000000002,0.07050000000000001
11,0.07,0.06,2,0.07279999999999998,0.06830000000000003
11,0.07,0.06,3,0.07269999999999999,0.07299999999999995
11,0.07,0.06,4,0.07069999999999999,0.07310000000000005
11,0.07,0.08,1,0.14480000000000004,0.06889999999999996
11,0.07,0.08,2,0.07989999999999997,0.07779999999999998
11,0.07,0.08,3,0.06989999999999996,0.06799999999999995
11,0.07,0.08,4,0.07340000000000002,0.07279999999999998
11,0.07,0.1,1,0.14100000000000001,0.07640000000000002
11,0.07,0.1,2,0.07530000000000003,0.07369999999999999
11,0.07,0.1,3,0.07410000000000005,0.07430000000000003
11,0.07,0.1,4,0.07379999999999998,0.07320000000000004
11,0.1,0.0,1,0.19520000000000004,0.10550000000000004
11,0.1,0.0,2,0.11429999999999996,0.10329999999999995
11,0.1,0.0,3,0.11270000000000002,0.1069
11,0.1,0.0,4,0.10650000000000004,0.10609999999999997
11,0.1,0.02,1,0.19820000000000004,0.10550000000000004
11,0.1,0.02,2,0.12029999999999996,0.11060000000000003
11,0.1,0.02,3,0.1068,0.10619999999999996
11,0.1,0.02,4,0.10319999999999996,0.10060000000000002
11,0.1,0.04,1,0.1985,0.10809999999999997
11,0.1,0.04,2,0.11909999999999998,0.11040000000000005
11,0.1,0.04,3,0.10350000000000004,0.10070000000000001
11,0.1,0.04,4,0.10119999999999996,0.10319999999999996
11,0.1,0.06,1,0.20320000000000005,0.10309999999999997
11,0.1,0.06,2,0.1139,0.10360000000000003
11,0.1,0.06,3,0.10570000000000002,0.10409999999999997
11,0.1,0.06,4,0.11209999999999998,0.11209999999999998
11,0.1,0.08,1,0.20740000000000003,0.11019999999999996
11,0.1,0.08,2,0.11650000000000005,0.10570000000000002
11,0.1,0.08,3,0.1078,0.10409999999999997
11,0.1,0.08,4,0.11329999999999996,0.10999999999999999
11,0.1,0.1,1,0.2056,0.10980000000000001
11,0.1,0.1,2,0.1169,0.10729999999999995
11,0.1,0.1,3,0.11880000000000002,0.11070000000000002
11,0.1,0.1,4,0.10860000000000003,0.10499999999999998
12,0.01,0.0,1,0.02059999999999995,0.009000000000000008
12,0.01,0.0,2,0.010600000000000054,0.010099999999999998
12,0.01,0.0,3,0.009800000000000031,0.010000000000000009
12,0.01,0.0,4,0.011099999999999999,0.010700000000000043
12,0.01,0.02,1,0.021599999999999953,0.009399999999999964
12,0.01,0.02,2,0.00990000000000002,0.010600000000000054
12,0.01,0.02,3,0.010199999999999987,0.01100000000000001
12,0.01,0.02,4,0.010199999999999987,0.010499999999999954
12,0.01,0.04,1,0.021599999999999953,0.009399999999999964
12,0.01,0.04,2,0.010000000000000009,0.010700000000000043
12,0.01,0.04,3,0.009499999999999953,0.009399999999999964
12,0.01,0.04,4,0.010700000000000043,0.010600000000000054
12,0.01,0.06,1,0.018900000000000028,0.009700000000000042
12,0.01,0.06,2,0.009700000000000042,0.008000000000000007
12,0.01,0.06,3,0.010000000000000009,0.009700000000000042
12,0.01,0.06,4,0.010499999999999954,0.010099999999999998
12,0.01,0.08,1,0.020100000000000007,0.010099999999999998
12,0.01,0.08,2,0.01100000000000001,0.007000000000000006
12,0.01,0.08,3,0.010399999999999965,0.009700000000000042
12,0.01,0.08,4,0.00990000000000002,0.008900000000000019
12,0.01,0.1,1,0.018299999999999983,0.010399999999999965
12,0.01,0.1,2,0.00990000000000002,0.008600000000000052
12,0.01,0.1,3,0.009199999999999986,0.011900000000000022
12,0.01,0.1,4,0.008600000000000052,0.009000000000000008
12,0.03,0.0,1,0.05620000000000003,0.030100000000000016
12,0.03,0.0,2,0.03190000000000004,0.03249999999999997
12,0.03,0.0,3,0.03080000000000005,0.030000000000000027
12,0.03,0.0,4,0.031299999999999994,0.03169999999999995
12,0.03,0.02,1,0.06320000000000003,0.032200000000000006
12,0.03,0.02,2,0.028800000000000048,0.02859999999999996
12,0.03,0.02,3,0.03069999999999995,0.03210000000000002
12,0.03,0.02,4,0.03390000000000004,0.03390000000000004
12,0.03,0.04,1,0.057699999999999974,0.03069999999999995
12,0.03,0.04,2,0.031000000000000028,0.029299999999999993
12,0.03,0.04,3,0.03080000000000005,0.029200000000000004
12,0.03,0.04,4,0.029200000000000004,0.028100000000000014
12,0.03,0.06,1,0.062000000000000055,0.031200000000000006
12,0.03,0.06,2,0.033299999999999996,0.03269999999999995
12,0.03,0.06,3,0.030399999999999983,0.02939999999999998
12,0.03,0.06,4,0.029200000000000004,0.02949999999999997
12,0.03,0.08,1,0.062000000000000055,0.03049999999999997
12,0.03,0.08,2,0.03320000000000001,0.032299999999999995
12,0.03,0.08,3,0.03300000000000003,0.03290000000000004
12,0.03,0.08,4,0.029299999999999993,0.030100000000000016
12,0.03,0.1,1,0.05689999999999995,0.02980000000000005
12,0.03,0.1,2,0.037699999999999956,0.03400000000000003
12,0.03,0.1,3,0.031299999999999994,0.03180000000000005
12,0.03,0.1,4,0.02969999999999995,0.030200000000000005
12,0.05,0.0,1,0.09330000000000005,0.05269999999999997
12,0.05,0.0,2,0.04830000000000001,0.046599999999999975
12,0.05,0.0,3,0.05179999999999996,0.051000000000000045
12,0.05,0.0,4,0.050799999999999956,0.0504
12,0.05,0.02,1,0.10040000000000004,0.04920000000000002
12,0.05,0.02,2,0.05410000000000004,0.05449999999999999
12,0.05,0.02,3,0.0484,0.047799999999999954
12,0.05,0.02,4,0.05230000000000001,0.0534
12,0.05,0.04,1,0.10029999999999994,0.05120000000000002
12,0.05,0.04,2,0.05069999999999997,0.048699999999999966
12,0.05,0.04,3,0.05130000000000001,0.05159999999999998
12,0.05,0.04,4,0.04930000000000001,0.04820000000000002
12,0.05,0.06,1,0.10319999999999996,0.05230000000000001
12,0.05,0.06,2,0.050799999999999956,0.0504
12,0.05,0.06,3,0.05449999999999999,0.05379999999999996
12,0.05,0.06,4,0.052100000000000035,0.051100000000000034
12,0.05,0.08,1,0.10140000000000005,0.05030000000000001
12,0.05,0.08,2,0.05489999999999995,0.052200000000000024
12,0.05,0.08,3,0.05579999999999996,0.05559999999999998
12,0.05,0.08,4,0.05349999999999999,0.052100000000000035
12,0.05,0.1,1,0.09750000000000003,0.052000000000000046
12,0.05,0.1,2,0.05059999999999998,0.04749999999999999
12,0.05,0.1,3,0.05179999999999996,0.051000000000000045
12,0.05,0.1,4,0.05010000000000003,0.049900000000000055
12,0.07,0.0,1,0.13319999999999999,0.07110000000000005
12,0.07,0.0,2,0.0766,0.07499999999999996
12,0.07,0.0,3,0.07369999999999999,0.07369999999999999
12,0.07,0.0,4,0.07509999999999994,0.07379999999999998
12,0.07,0.02,1,0.1362,0.07120000000000004
12,0.07,0.02,2,0.07230000000000003,0.07220000000000004
12,0.07,0.02,3,0.07279999999999998,0.07069999999999999
12,0.07,0.02,4,0.07499999999999996,0.07330000000000003
12,0.07,0.04,1,0.13580000000000003,0.07479999999999998
12,0.07,0.04,2,0.07540000000000002,0.07440000000000002
12,0.07,0.04,3,0.07030000000000003,0.07050000000000001
12,0.07,0.04,4,0.06910000000000005,0.06910000000000005
12,0.07,0.06,1,0.14390000000000003,0.06889999999999996
12,0.07,0.06,2,0.0756,0.0726
12,0.07,0.06,3,0.0756,0.07389999999999997
12,0.07,0.06,4,0.06799999999999995,0.0676
12,0.07,0.08,1,0.13749999999999996,0.06920000000000004
12,0.07,0.08,2,0.07709999999999995,0.07420000000000004
12,0.07,0.08,3,0.07750000000000001,0.07250000000000001
12,0.07,0.08,4,0.07250000000000001,0.07050000000000001
12,0.07,0.1,1,0.13990000000000002,0.07730000000000004
12,0.07,0.1,2,0.07730000000000004,0.07350000000000001
12,0.07,0.1,3,0.07720000000000005,0.07630000000000003
12,0.07,0.1,4,0.07240000000000002,0.07469999999999999
12,0.1,0.0,1,0.19369999999999998,0.09899999999999998
12,0.1,0.0,2,0.121,0.10980000000000001
12,0.1,0.0,3,0.11070000000000002,0.10650000000000004
12,0.1,0.0,4,0.10460000000000003,0.10089999999999999
12,0.1,0.02,1,0.2047,0.10770000000000002
12,0.1,0.02,2,0.11670000000000003,0.10329999999999995
12,0.1,0.02,3,0.11450000000000005,0.10809999999999997
12,0.1,0.02,4,0.10840000000000005,0.10660000000000003
12,0.1,0.04,1,0.18989999999999996,0.10440000000000005
12,0.1,0.04,2,0.12229999999999996,0.11060000000000003
12,0.1,0.04,3,0.11650000000000005,0.1078
12,0.1,0.04,4,0.1059,0.10350000000000004
12,0.1,0.06,1,0.19889999999999997,0.10519999999999996
12,0.1,0.06,2,0.11939999999999995,0.10719999999999996
12,0.1,0.06,3,0.11319999999999997,0.10819999999999996
12,0.1,0.06,4,0.10729999999999995,0.10429999999999995
12,0.1,0.08,1,0.1975,0.10650000000000004
12,0.1,0.08,2,0.12370000000000003,0.11319999999999997
12,0.1,0.08,3,0.12019999999999997,0.11350000000000005
12,0.1,0.08,4,0.11080000000000001,0.11119999999999997
12,0.1,0.1,1,0.1985,0.10909999999999997
12,0.1,0.1,2,0.11399999999999999,0.10429999999999995
12,0.1,0.1,3,0.11770000000000003,0.10980000000000001
12,0.1,0.1,4,0.11129999999999995,0.11040000000000005
13,0.01,0.0,1,0.020000000000000018,0.010499999999999954
13,0.01,0.0,2,0.008600000000000052,0.009199999999999986
13,0.01,0.0,3,0.00880000000000003,0.010199999999999987
13,0.01,0.0,4,0.010499999999999954,0.010199999999999987
13,0.01,0.02,1,0.0232,0.011900000000000022
13,0.01,0.02,2,0.011499999999999955,0.011499999999999955
13,0.01,0.02,3,0.009499999999999953,0.010000000000000009
13,0.01,0.02,4,0.00880000000000003,0.009600000000000053
13,0.01,0.04,1,0.020199999999999996,0.010800000000000032
13,0.01,0.04,2,0.01090000000000002,0.011800000000000033
13,0.01,0.04,3,0.01100000000000001,0.009800000000000031
13,0.01,0.04,4,0.010800000000000032,0.011700000000000044
13,0.01,0.06,1,0.021100000000000008,0.008399999999999963
13,0.01,0.06,2,0.009000000000000008,0.00880000000000003
13,0.01,0.06,3,0.010000000000000009,0.009600000000000053
13,0.01,0.06,4,0.010700000000000043,0.01090000000000002
13,0.01,0.08,1,0.019499999999999962,0.010600000000000054
13,0.01,0.08,2,0.009299999999999975,0.009399999999999964
13,0.01,0.08,3,0.009700000000000042,0.009600000000000053
13,0.01,0.08,4,0.011900000000000022,0.011700000000000044
13,0.01,0.1,1,0.021399999999999975,0.00990000000000002
13,0.01,0.1,2,0.010700000000000043,0.010399999999999965
13,0.01,0.1,3,0.008600000000000052,0.009700000000000042
13,0.01,0.1,4,0.009700000000000042,0.009700000000000042
13,0.03,0.0,1,0.058599999999999985,0.03269999999999995
13,0.03,0.0,2,0.03259999999999996,0.030299999999999994
13,0.03,0.0,3,0.03049999999999997,0.02969999999999995
13,0.03,0.0,4,0.031200000000000006,0.030399999999999983
13,0.03,0.02,1,0.06030000000000002,0.03090000000000004
13,0.03,0.02,2,0.031000000000000028,0.028699999999999948
13,0.03,0.02,3,0.03180000000000005,0.03390000000000004
13,0.03,0.02,4,0.028800000000000048,0.030000000000000027
13,0.03,0.04,1,0.054400000000000004,0.02510000000000001
13,0.03,0.04,2,0.03210000000000002,0.032200000000000006
13,0.03,0.04,3,0.03210000000000002,0.03069999999999995
13,0.03,0.04,4,0.03169999999999995,0.030399999999999983
13,0.03,0.06,1,0.05610000000000004,0.027900000000000036
13,0.03,0.06,2,0.03300000000000003,0.03280000000000005
13,0.03,0.06,3,0.032399999999999984,0.031299999999999994
13,0.03,0.06,4,0.031100000000000017,0.030100000000000016
13,0.03,0.08,1,0.06340000000000001,0.030000000000000027
13,0.03,0.08,2,0.03300000000000003,0.03169999999999995
13,0.03,0.08,3,0.030100000000000016,0.029200000000000004
13,0.03,0.08,4,0.028699999999999948,0.029299999999999993
13,0.03,0.1,1,0.05889999999999995,0.02980000000000005
13,0.03,0.1,2,0.031200000000000006,0.03080000000000005
13,0.03,0.1,3,0.02939999999999998,0.02949999999999997
13,0.03,0.1,4,0.03059999999999996,0.030299999999999994
13,0.05,0.0,1,0.09809999999999997,0.05059999999999998
13,0.05,0.0,2,0.04810000000000003,0.048699999999999966
13,0.05,0.0,3,0.05049999999999999,0.04910000000000003
13,0.05,0.0,4,0.05369999999999997,0.05359999999999998
13,0.05,0.02,1,0.09550000000000003,0.049699999999999966
13,0.05,0.02,2,0.054400000000000004,0.05230000000000001
13,0.05,0.02,3,0.050799999999999956,0.0504
13,0.05,0.02,4,0.052100000000000035,0.050799999999999956
13,0.05,0.04,1,0.10260000000000002,0.050000000000000044
13,0.05,0.04,2,0.055499999999999994,0.05049999999999999
13,0.05,0.04,3,0.05010000000000003,0.04690000000000005
13,0.05,0.04,4,0.047900000000000054,0.05020000000000002
13,0.05,0.06,1,0.10040000000000004,0.0524
13,0.05,0.06,2,0.05120000000000002,0.05049999999999999
13,0.05,0.06,3,0.05120000000000002,0.04949999999999999
13,0.05,0.06,4,0.050899999999999945,0.05179999999999996
13,0.05,0.08,1,0.10119999999999996,0.0494
13,0.05,0.08,2,0.05169999999999997,0.050899999999999945
13,0.05,0.08,3,0.05010000000000003,0.04920000000000002
13,0.05,0.08,4,0.05130000000000001,0.05149999999999999
13,0.05,0.1,1,0.10619999999999996,0.05489999999999995
13,0.05,0.1,2,0.05149999999999999,0.04930000000000001
13,0.05,0.1,3,0.05489999999999995,0.05379999999999996
13,0.05,0.1,4,0.05020000000000002,0.051000000000000045
13,0.07,0.0,1,0.14129999999999998,0.0716
13,0.07,0.0,2,0.07420000000000004,0.06930000000000003
13,0.07,0.0,3,0.07730000000000004,0.07250000000000001
13,0.07,0.0,4,0.07120000000000004,0.07010000000000005
13,0.07,0.02,1,0.14159999999999995,0.07210000000000005
13,0.07,0.02,2,0.07589999999999997,0.07220000000000004
13,0.07,0.02,3,0.07230000000000003,0.07250000000000001
13,0.07,0.02,4,0.07220000000000004,0.07130000000000003
13,0.07,0.04,1,0.13890000000000002,0.06879999999999997
13,0.07,0.04,2,0.07040000000000002,0.06810000000000005
13,0.07,0.04,3,0.06979999999999997,0.07010000000000005
13,0.07,0.04,4,0.07399999999999995,0.07550000000000001
13,0.07,0.06,1,0.14370000000000005,0.07469999999999999
13,0.07,0.06,2,0.07809999999999995,0.07379999999999998
13,0.07,0.06,3,0.07499999999999996,0.07099999999999995
13,0.07,0.06,4,0.07079999999999997,0.07289999999999996
13,0.07,0.08,1,0.1402,0.07310000000000005
13,0.07,0.08,2,0.0807,0.07499999999999996
13,0.07,0.08,3,0.07930000000000004,0.07499999999999996
13,0.07,0.08,4,0.0716,0.07169999999999999
13,0.07,0.1,1,0.14200000000000002,0.0756
13,0.07,0.1,2,0.07509999999999994,0.07230000000000003
13,0.07,0.1,3,0.07699999999999996,0.07499999999999996
13,0.07,0.1,4,0.07369999999999999,0.07420000000000004
13,0.1,0.0,1,0.20330000000000004,0.10860000000000003
13,0.1,0.0,2,0.12309999999999999,0.10350000000000004
13,0.1,0.0,3,0.11209999999999998,0.10629999999999995
13,0.1,0.0,4,0.1089,0.1049
13,0.1,0.02,1,0.19940000000000002,0.10319999999999996
13,0.1,0.02,2,0.11809999999999998,0.10519999999999996
13,0.1,0.02,3,0.1109,0.10840000000000005
13,0.1,0.02,4,0.10770000000000002,0.10529999999999995
13,0.1,0.04,1,0.2025,0.1049
13,0.1,0.04,2,0.12219999999999998,0.10629999999999995
13,0.1,0.04,3,0.11599999999999999,0.11009999999999998
13,0.1,0.04,4,0.11099999999999999,0.10880000000000001
13,0.1,0.06,1,0.20079999999999998,0.10599999999999998
13,0.1,0.06,2,0.12560000000000004,0.11040000000000005
13,0.1,0.06,3,0.11760000000000004,0.10880000000000001
13,0.1,0.06,4,0.10470000000000002,0.10309999999999997
13,0.1,0.08,1,0.19430000000000003,0.10419999999999996
13,0.1,0.08,2,0.1291,0.11240000000000006
13,0.1,0.08,3,0.11470000000000002,0.1079
13,0.1,0.08,4,0.10350000000000004,0.10289999999999999
13,0.1,0.1,1,0.20179999999999998,0.10880000000000001
13,0.1,0.1,2,0.12729999999999997,0.11219999999999997
13,0.1,0.1,3,0.11580000000000001,0.10880000000000001
13,0.1,0.1,4,0.1089,0.10799999999999998
14,0.01,0.0,1,0.01980000000000004,0.009499999999999953
14,0.01,0.0,2,0.012499999999999956,0.011399999999999966
14,0.01,0.0,3,0.011299999999999977,0.01100000000000001
14,0.01,0.0,4,0.009700000000000042,0.009499999999999953
14,0.01,0.02,1,0.021199999999999997,0.010299999999999976
14,0.01,0.02,2,0.012299999999999978,0.009800000000000031
14,0.01,0.02,3,0.010199999999999987,0.009099999999999997
14,0.01,0.02,4,0.008399999999999963,0.009199999999999986
14,0.01,0.04,1,0.021399999999999975,0.00880000000000003
14,0.01,0.04,2,0.008900000000000019,0.010099999999999998
14,0.01,0.04,3,0.011199999999999988,0.010099999999999998
14,0.01,0.04,4,0.009299999999999975,0.009800000000000031
14,0.01,0.06,1,0.021700000000000053,0.009199999999999986
14,0.01,0.06,2,0.011399999999999966,0.012199999999999989
14,0.01,0.06,3,0.01100000000000001,0.011700000000000044
14,0.01,0.06,4,0.009000000000000008,0.00880000000000003
14,0.01,0.08,1,0.021299999999999986,0.011199999999999988
14,0.01,0.08,2,0.013399999999999967,0.010499999999999954
14,0.01,0.08,3,0.010000000000000009,0.010499999999999954
14,0.01,0.08,4,0.009499999999999953,0.00990000000000002
14,0.01,0.1,1,0.01849999999999996,0.009499999999999953
14,0.01,0.1,2,0.012499999999999956,0.011499999999999955
14,0.01,0.1,3,0.009700000000000042,0.009600000000000053
14,0.01,0.1,4,0.011499999999999955,0.011600000000000055
14,0.03,0.0,1,0.056400000000000006,0.028000000000000025
14,0.03,0.0,2,0.02739999999999998,0.028299999999999992
14,0.03,0.0,3,0.031200000000000006,0.030299999999999994
14,0.03,0.0,4,0.02969999999999995,0.03069999999999995
14,0.03,0.02,1,0.05989999999999995,0.03149999999999997
14,0.03,0.02,2,0.031399999999999983,0.030100000000000016
14,0.03,0.02,3,0.03169999999999995,0.03049999999999997
14,0.03,0.02,4,0.03080000000000005,0.02939999999999998
14,0.03,0.04,1,0.061000000000000054,0.030399999999999983
14,0.03,0.04,2,0.029900000000000038,0.032299999999999995
14,0.03,0.04,3,0.031299999999999994,0.03090000000000004
14,0.03,0.04,4,0.03080000000000005,0.02980000000000005
14,0.03,0.06,1,0.06289999999999996,0.031000000000000028
14,0.03,0.06,2,0.03380000000000005,0.033299999999999996
14,0.03,0.06,3,0.032299999999999995,0.03200000000000003
14,0.03,0.06,4,0.029200000000000004,0.02969999999999995
14,0.03,0.08,1,0.06020000000000003,0.028800000000000048
14,0.03,0.08,2,0.031000000000000028,0.03210000000000002
14,0.03,0.08,3,0.03469999999999995,0.03610000000000002
14,0.03,0.08,4,0.03269999999999995,0.03269999999999995
14,0.03,0.1,1,0.05789999999999995,0.02980000000000005
14,0.03,0.1,2,0.03210000000000002,0.030200000000000005
14,0.03,0.1,3,0.03069999999999995,0.02980000000000005
14,0.03,0.1,4,0.02839999999999998,0.02859999999999996
14,0.05,0.0,1,0.0968,0.0484
14,0.05,0.0,2,0.04920000000000002,0.050899999999999945
14,0.05,0.0,3,0.04820000000000002,0.046599999999999975
14,0.05,0.0,4,0.04910000000000003,0.04920000000000002
14,0.05,0.02,1,0.09750000000000003,0.05369999999999997
14,0.05,0.02,2,0.054300000000000015,0.05379999999999996
14,0.05,0.02,3,0.05169999999999997,0.05179999999999996
14,0.05,0.02,4,0.0504,0.05120000000000002
14,0.05,0.04,1,0.09870000000000001,0.05269999999999997
14,0.05,0.04,2,0.05289999999999995,0.05259999999999998
14,0.05,0.04,3,0.054400000000000004,0.054300000000000015
14,0.05,0.04,4,0.04920000000000002,0.04859999999999998
14,0.05,0.06,1,0.09740000000000004,0.04949999999999999
14,0.05,0.06,2,0.05010000000000003,0.050799999999999956
14,0.05,0.06,3,0.048799999999999955,0.04930000000000001
14,0.05,0.06,4,0.05020000000000002,0.051100000000000034
14,0.05,0.08,1,0.10650000000000004,0.05030000000000001
14,0.05,0.08,2,0.05479999999999996,0.0504
14,0.05,0.08,3,0.054200000000000026,0.05300000000000005
14,0.05,0.08,4,0.0504,0.05069999999999997
14,0.05,0.1,1,0.10199999999999998,0.05410000000000004
14,0.05,0.1,2,0.05520000000000003,0.05269999999999997
14,0.05,0.1,3,0.05349999999999999,0.05169999999999997
14,0.05,0.1,4,0.051899999999999946,0.05049999999999999
14,0.07,0.0,1,0.13970000000000005,0.0696
14,0.07,0.0,2,0.08009999999999995,0.0756
14,0.07,0.0,3,0.0726,0.07069999999999999
14,0.07,0.0,4,0.07020000000000004,0.0696
14,0.07,0.02,1,0.1422,0.07069999999999999
14,0.07,0.02,2,0.07420000000000004,0.07179999999999997
14,0.07,0.02,3,0.07430000000000003,0.07310000000000005
14,0.07,0.02,4,0.07530000000000003,0.07499999999999996
14,0.07,0.04,1,0.1451,0.07540000000000002
14,0.07,0.04,2,0.07540000000000002,0.07509999999999994
14,0.07,0.04,3,0.07779999999999998,0.07599999999999996
14,0.07,0.04,4,0.07140000000000002,0.0716
14,0.07,0.06,1,0.1361,0.07140000000000002
14,0.07,0.06,2,0.07540000000000002,0.07469999999999999
14,0.07,0.06,3,0.07199999999999995,0.07250000000000001
14,0.07,0.06,4,0.07930000000000004,0.07699999999999996
14,0.07,0.08,1,0.13639999999999997,0.06869999999999998
14,0.07,0.08,2,0.07840000000000003,0.07630000000000003
14,0.07,0.08,3,0.07640000000000002,0.07299999999999995
14,0.07,0.08,4,0.07509999999999994,0.07489999999999997
14,0.07,0.1,1,0.14039999999999997,0.07230000000000003
14,0.07,0.1,2,0.07620000000000005,0.07199999999999995
14,0.07,0.1,3,0.0786,0.07540000000000002
14,0.07,0.1,4,0.07740000000000002,0.07469999999999999
14,0.1,0.0,1,0.19630000000000003,0.11019999999999996
14,0.1,0.0,2,0.12960000000000005,0.10460000000000003
14,0.1,0.0,3,0.11509999999999998,0.10760000000000003
14,0.1,0.0,4,0.10699999999999998,0.10540000000000005
14,0.1,0.02,1,0.20479999999999998,0.10640000000000005
14,0.1,0.02,2,0.12270000000000003,0.09909999999999997
14,0.1,0.02,3,0.11260000000000003,0.10809999999999997
14,0.1,0.02,4,0.1058,0.10270000000000001
14,0.1,0.04,1,0.20020000000000004,0.10550000000000004
14,0.1,0.04,2,0.12439999999999996,0.10529999999999995
14,0.1,0.04,3,0.118,0.10399999999999998
14,0.1,0.04,4,0.11040000000000005,0.10829999999999995
14,0.1,0.06,1,0.19920000000000004,0.11339999999999995
14,0.1,0.06,2,0.12870000000000004,0.10629999999999995
14,0.1,0.06,3,0.1119,0.10650000000000004
14,0.1,0.06,4,0.11629999999999996,0.11280000000000001
14,0.1,0.08,1,0.20520000000000005,0.11040000000000005
14,0.1,0.08,2,0.1281,0.10909999999999997
14,0.1,0.08,3,0.11209999999999998,0.10340000000000005
14,0.1,0.08,4,0.10970000000000002,0.10519999999999996
14,0.1,0.1,1,0.20830000000000004,0.10950000000000004
14,0.1,0.1,2,0.12849999999999995,0.11180000000000001
14,0.1,0.1,3,0.11909999999999998,0.11129999999999995
14,0.1,0.1,4,0.11250000000000004,0.11019999999999996
15,0.01,0.0,1,0.020000000000000018,0.010600000000000054
15,0.01,0.0,2,0.00990000000000002,0.008700000000000041
15,0.01,0.0,3,0.009700000000000042,0.01100000000000001
15,0.01,0.0,4,0.011099999999999999,0.010600000000000054
15,0.01,0.02,1,0.02100000000000002,0.010299999999999976
15,0.01,0.02,2,0.009600000000000053,0.009800000000000031
15,0.01,0.02,3,0.011299999999999977,0.011399999999999966
15,0.01,0.02,4,0.009199999999999986,0.009199999999999986
15,0.01,0.04,1,0.01770000000000005,0.009800000000000031
15,0.01,0.04,2,0.009000000000000008,0.008900000000000019
15,0.01,0.04,3,0.009099999999999997,0.010000000000000009
15,0.01,0.04,4,0.008700000000000041,0.009199999999999986
15,0.01,0.06,1,0.02190000000000003,0.008700000000000041
15,0.01,0.06,2,0.008700000000000041,0.008900000000000019
15,0.01,0.06,3,0.010399999999999965,0.010399999999999965
15,0.01,0.06,4,0.009700000000000042,0.010099999999999998
15,0.01,0.08,1,0.02059999999999995,0.008700000000000041
15,0.01,0.08,2,0.010399999999999965,0.011399999999999966
15,0.01,0.08,3,0.010099999999999998,0.010499999999999954
15,0.01,0.08,4,0.009299999999999975,0.009700000000000042
15,0.01,0.1,1,0.022800000000000042,0.010600000000000054
15,0.01,0.1,2,0.009099999999999997,0.00990000000000002
15,0.01,0.1,3,0.010199999999999987,0.010600000000000054
15,0.01,0.1,4,0.009000000000000008,0.009000000000000008
15,0.03,0.0,1,0.058599999999999985,0.02739999999999998
15,0.03,0.0,2,0.029900000000000038,0.031100000000000017
15,0.03,0.0,3,0.03169999999999995,0.028699999999999948
15,0.03,0.0,4,0.030100000000000016,0.02849999999999997
15,0.03,0.02,1,0.05910000000000004,0.02969999999999995
15,0.03,0.02,2,0.03159999999999996,0.031399999999999983
15,0.03,0.02,3,0.03069999999999995,0.028100000000000014
15,0.03,0.02,4,0.03090000000000004,0.030399999999999983
15,0.03,0.04,1,0.05830000000000002,0.028800000000000048
15,0.03,0.04,2,0.031200000000000006,0.030000000000000027
15,0.03,0.04,3,0.03169999999999995,0.02980000000000005
15,0.03,0.04,4,0.029200000000000004,0.029200000000000004
15,0.03,0.06,1,0.06269999999999998,0.03300000000000003
15,0.03,0.06,2,0.03159999999999996,0.031000000000000028
15,0.03,0.06,3,0.030000000000000027,0.029900000000000038
15,0.03,0.06,4,0.02939999999999998,0.030100000000000016
15,0.03,0.08,1,0.0625,0.029000000000000026
15,0.03,0.08,2,0.03359999999999996,0.03259999999999996
15,0.03,0.08,3,0.031000000000000028,0.02980000000000005
15,0.03,0.08,4,0.031299999999999994,0.03249999999999997
15,0.03,0.1,1,0.057599999999999985,0.029299999999999993
15,0.03,0.1,2,0.03259999999999996,0.032399999999999984
15,0.03,0.1,3,0.02980000000000005,0.02959999999999996
15,0.03,0.1,4,0.03210000000000002,0.031200000000000006
15,0.05,0.0,1,0.09740000000000004,0.05010000000000003
15,0.05,0.0,2,0.05289999999999995,0.05069999999999997
15,0.05,0.0,3,0.05479999999999996,0.05469999999999997
15,0.05,0.0,4,0.05159999999999998,0.05059999999999998
15,0.05,0.02,1,0.10219999999999996,0.0504
15,0.05,0.02,2,0.05269999999999997,0.052100000000000035
15,0.05,0.02,3,0.052200000000000024,0.051000000000000045
15,0.05,0.02,4,0.049699999999999966,0.049699999999999966
15,0.05,0.04,1,0.0998,0.04830000000000001
15,0.05,0.04,2,0.05269999999999997,0.050799999999999956
15,0.05,0.04,3,0.05059999999999998,0.048900000000000055
15,0.05,0.04,4,0.0534,0.0524
15,0.05,0.06,1,0.10299999999999998,0.05620000000000003
15,0.05,0.06,2,0.04959999999999998,0.04859999999999998
15,0.05,0.06,3,0.048799999999999955,0.04800000000000004
15,0.05,0.06,4,0.04820000000000002,0.047699999999999965
15,0.05,0.08,1,0.10009999999999997,0.048900000000000055
15,0.05,0.08,2,0.05689999999999995,0.05400000000000005
15,0.05,0.08,3,0.0534,0.0514
15,0.05,0.08,4,0.04820000000000002,0.0494
15,0.05,0.1,1,0.10389999999999999,0.056400000000000006
15,0.05,0.1,2,0.04910000000000003,0.04690000000000005
15,0.05,0.1,3,0.04910000000000003,0.049799999999999955
15,0.05,0.1,4,0.05069999999999997,0.0504
15,0.07,0.0,1,0.14570000000000005,0.0695
15,0.07,0.0,2,0.07650000000000001,0.06979999999999997
15,0.07,0.0,3,0.07350000000000001,0.06730000000000003
15,0.07,0.0,4,0.07450000000000001,0.07240000000000002
15,0.07,0.02,1,0.1431,0.07079999999999997
15,0.07,0.02,2,0.07820000000000005,0.07230000000000003
15,0.07,0.02,3,0.06999999999999995,0.07050000000000001
15,0.07,0.02,4,0.07169999999999999,0.0706
15,0.07,0.04,1,0.14080000000000004,0.07220000000000004
15,0.07,0.04,2,0.07410000000000005,0.0695
15,0.07,0.04,3,0.0786,0.07379999999999998
15,0.07,0.04,4,0.06989999999999996,0.06930000000000003
15,0.07,0.06,1,0.1351,0.07089999999999996
15,0.07,0.06,2,0.07189999999999996,0.07020000000000004
15,0.07,0.06,3,0.07430000000000003,0.06899999999999995
15,0.07,0.06,4,0.07530000000000003,0.0746
15,0.07,0.08,1,0.139,0.07499999999999996
15,0.07,0.08,2,0.0736,0.07079999999999997
15,0.07,0.08,3,0.07620000000000005,0.07220000000000004
15,0.07,0.08,4,0.07550000000000001,0.07450000000000001
15,0.07,0.1,1,0.14739999999999998,0.07550000000000001
15,0.07,0.1,2,0.07840000000000003,0.07440000000000002
15,0.07,0.1,3,0.08189999999999997,0.07620000000000005
15,0.07,0.1,4,0.07199999999999995,0.07310000000000005
15,0.1,0.0,1,0.20750000000000002,0.10619999999999996
15,0.1,0.0,2,0.14390000000000003,0.10909999999999997
15,0.1,0.0,3,0.11419999999999997,0.1059
15,0.1,0.0,4,0.10950000000000004,0.10560000000000003
15,0.1,0.02,1,0.19169999999999998,0.10109999999999997
15,0.1,0.02,2,0.13790000000000002,0.1018
15,0.1,0.02,3,0.11370000000000002,0.10929999999999995
15,0.1,0.02,4,0.10770000000000002,0.10640000000000005
15,0.1,0.04,1,0.19520000000000004,0.10240000000000005
15,0.1,0.04,2,0.13790000000000002,0.10719999999999996
15,0.1,0.04,3,0.11519999999999997,0.10109999999999997
15,0.1,0.04,4,0.10709999999999997,0.10319999999999996
15,0.1,0.06,1,0.19520000000000004,0.10370000000000001
15,0.1,0.06,2,0.13790000000000002,0.1099
15,0.1,0.06,3,0.11719999999999997,0.10599999999999998
15,0.1,0.06,4,0.10370000000000001,0.10219999999999996
15,0.1,0.08,1,0.20199999999999996,0.11009999999999998
15,0.1,0.08,2,0.1352,0.10799999999999998
15,0.1,0.08,3,0.12090000000000001,0.10980000000000001
15,0.1,0.08,4,0.11080000000000001,0.10950000000000004
15,0.1,0.1,1,0.20650000000000002,0.11699999999999999
15,0.1,0.1,2,0.13270000000000004,0.10709999999999997
15,0.1,0.1,3,0.11919999999999997,0.10809999999999997
15,0.1,0.1,4,0.1089,0.10909999999999997
