cycles,mutation_prob,non_dup_prob,quantization_bits,error_rate
1,0.01,0.0,1,0.06999999999999995
1,0.01,0.0,2,0.06999999999999995
1,0.01,0.0,3,0.040000000000000036
1,0.01,0.0,4,0.08999999999999997
1,0.01,0.02,1,0.17000000000000004
1,0.01,0.02,2,0.14
1,0.01,0.02,3,0.17000000000000004
1,0.01,0.02,4,0.17000000000000004
1,0.01,0.04,1,0.26
1,0.01,0.04,2,0.28
1,0.01,0.04,3,0.29000000000000004
1,0.01,0.04,4,0.27
1,0.01,0.06,1,0.38
1,0.01,0.06,2,0.4
1,0.01,0.06,3,0.36
1,0.01,0.06,4,0.43000000000000005
1,0.01,0.08,1,0.55
1,0.01,0.08,2,0.45999999999999996
1,0.01,0.08,3,0.41000000000000003
1,0.01,0.08,4,0.49
1,0.01,0.1,1,0.55
1,0.01,0.1,2,0.5
1,0.01,0.1,3,0.5700000000000001
1,0.01,0.1,4,0.65
1,0.03,0.0,1,0.22999999999999998
1,0.03,0.0,2,0.14
1,0.03,0.0,3,0.13
1,0.03,0.0,4,0.17000000000000004
1,0.03,0.02,1,0.22999999999999998
1,0.03,0.02,2,0.24
1,0.03,0.02,3,0.30000000000000004
1,0.03,0.02,4,0.30000000000000004
1,0.03,0.04,1,0.29000000000000004
1,0.03,0.04,2,0.4
1,0.03,0.04,3,0.39
1,0.03,0.04,4,0.39
1,0.03,0.06,1,0.49
1,0.03,0.06,2,0.43999999999999995
1,0.03,0.06,3,0.47
1,0.03,0.06,4,0.38
1,0.03,0.08,1,0.49
1,0.03,0.08,2,0.5900000000000001
1,0.03,0.08,3,0.47
1,0.03,0.08,4,0.49
1,0.03,0.1,1,0.5800000000000001
1,0.03,0.1,2,0.64
1,0.03,0.1,3,0.55
1,0.03,0.1,4,0.44999999999999996
1,0.05,0.0,1,0.19999999999999996
1,0.05,0.0,2,0.27
1,0.05,0.0,3,0.19999999999999996
1,0.05,0.0,4,0.22999999999999998
1,0.05,0.02,1,0.32999999999999996
1,0.05,0.02,2,0.39
1,0.05,0.02,3,0.37
1,0.05,0.02,4,0.39
1,0.05,0.04,1,0.41000000000000003
1,0.05,0.04,2,0.43000000000000005
1,0.05,0.04,3,0.43999999999999995
1,0.05,0.04,4,0.47
1,0.05,0.06,1,0.5
1,0.05,0.06,2,0.5700000000000001
1,0.05,0.06,3,0.44999999999999996
1,0.05,0.06,4,0.52
1,0.05,0.08,1,0.64
1,0.05,0.08,2,0.6
1,0.05,0.08,3,0.6
1,0.05,0.08,4,0.51
1,0.05,0.1,1,0.6599999999999999
1,0.05,0.1,2,0.7
1,0.05,0.1,3,0.63
1,0.05,0.1,4,0.5700000000000001
1,0.07,0.0,1,0.25
1,0.07,0.0,2,0.28
1,0.07,0.0,3,0.31000000000000005
1,0.07,0.0,4,0.24
1,0.07,0.02,1,0.4
1,0.07,0.02,2,0.47
1,0.07,0.02,3,0.43000000000000005
1,0.07,0.02,4,0.43000000000000005
1,0.07,0.04,1,0.6
1,0.07,0.04,2,0.49
1,0.07,0.04,3,0.45999999999999996
1,0.07,0.04,4,0.42000000000000004
1,0.07,0.06,1,0.63
1,0.07,0.06,2,0.51
1,0.07,0.06,3,0.5800000000000001
1,0.07,0.06,4,0.44999999999999996
1,0.07,0.08,1,0.6599999999999999
1,0.07,0.08,2,0.52
1,0.07,0.08,3,0.71
1,0.07,0.08,4,0.63
1,0.07,0.1,1,0.65
1,0.07,0.1,2,0.61
1,0.07,0.1,3,0.61
1,0.07,0.1,4,0.6599999999999999
1,0.1,0.0,1,0.41000000000000003
1,0.1,0.0,2,0.37
1,0.1,0.0,3,0.42000000000000004
1,0.1,0.0,4,0.4
1,0.1,0.02,1,0.5
1,0.1,0.02,2,0.43999999999999995
1,0.1,0.02,3,0.44999999999999996
1,0.1,0.02,4,0.44999999999999996
1,0.1,0.04,1,0.44999999999999996
1,0.1,0.04,2,0.49
1,0.1,0.04,3,0.53
1,0.1,0.04,4,0.54
1,0.1,0.06,1,0.7
1,0.1,0.06,2,0.53
1,0.1,0.06,3,0.56
1,0.1,0.06,4,0.6
1,0.1,0.08,1,0.69
1,0.1,0.08,2,0.6
1,0.1,0.08,3,0.6699999999999999
1,0.1,0.08,4,0.5700000000000001
1,0.1,0.1,1,0.75
1,0.1,0.1,2,0.71
1,0.1,0.1,3,0.6699999999999999
1,0.1,0.1,4,0.64
2,0.01,0.0,1,0.050000000000000044
2,0.01,0.0,2,0.07999999999999996
2,0.01,0.0,3,0.06000000000000005
2,0.01,0.0,4,0.06000000000000005
2,0.01,0.02,1,0.22999999999999998
2,0.01,0.02,2,0.18000000000000005
2,0.01,0.02,3,0.19999999999999996
2,0.01,0.02,4,0.18000000000000005
2,0.01,0.04,1,0.29000000000000004
2,0.01,0.04,2,0.25
2,0.01,0.04,3,0.36
2,0.01,0.04,4,0.32999999999999996
2,0.01,0.06,1,0.37
2,0.01,0.06,2,0.31999999999999995
2,0.01,0.06,3,0.31000000000000005
2,0.01,0.06,4,0.39
2,0.01,0.08,1,0.51
2,0.01,0.08,2,0.53
2,0.01,0.08,3,0.47
2,0.01,0.08,4,0.55
2,0.01,0.1,1,0.65
2,0.01,0.1,2,0.53
2,0.01,0.1,3,0.64
2,0.01,0.1,4,0.54
2,0.03,0.0,1,0.10999999999999999
2,0.03,0.0,2,0.08999999999999997
2,0.03,0.0,3,0.15000000000000002
2,0.03,0.0,4,0.13
2,0.03,0.02,1,0.25
2,0.03,0.02,2,0.42000000000000004
2,0.03,0.02,3,0.26
2,0.03,0.02,4,0.27
2,0.03,0.04,1,0.30000000000000004
2,0.03,0.04,2,0.45999999999999996
2,0.03,0.04,3,0.36
2,0.03,0.04,4,0.24
2,0.03,0.06,1,0.49
2,0.03,0.06,2,0.38
2,0.03,0.06,3,0.42000000000000004
2,0.03,0.06,4,0.49
2,0.03,0.08,1,0.48
2,0.03,0.08,2,0.43000000000000005
2,0.03,0.08,3,0.51
2,0.03,0.08,4,0.54
2,0.03,0.1,1,0.5800000000000001
2,0.03,0.1,2,0.5900000000000001
2,0.03,0.1,3,0.5800000000000001
2,0.03,0.1,4,0.55
2,0.05,0.0,1,0.22999999999999998
2,0.05,0.0,2,0.26
2,0.05,0.0,3,0.21999999999999997
2,0.05,0.0,4,0.15000000000000002
2,0.05,0.02,1,0.27
2,0.05,0.02,2,0.35
2,0.05,0.02,3,0.30000000000000004
2,0.05,0.02,4,0.36
2,0.05,0.04,1,0.43999999999999995
2,0.05,0.04,2,0.43999999999999995
2,0.05,0.04,3,0.41000000000000003
2,0.05,0.04,4,0.48
2,0.05,0.06,1,0.54
2,0.05,0.06,2,0.6699999999999999
2,0.05,0.06,3,0.4
2,0.05,0.06,4,0.53
2,0.05,0.08,1,0.6
2,0.05,0.08,2,0.53
2,0.05,0.08,3,0.51
2,0.05,0.08,4,0.56
2,0.05,0.1,1,0.64
2,0.05,0.1,2,0.69
2,0.05,0.1,3,0.72
2,0.05,0.1,4,0.61
2,0.07,0.0,1,0.29000000000000004
2,0.07,0.0,2,0.31000000000000005
2,0.07,0.0,3,0.33999999999999997
2,0.07,0.0,4,0.42000000000000004
2,0.07,0.02,1,0.42000000000000004
2,0.07,0.02,2,0.36
2,0.07,0.02,3,0.37
2,0.07,0.02,4,0.39
2,0.07,0.04,1,0.45999999999999996
2,0.07,0.04,2,0.53
2,0.07,0.04,3,0.43000000000000005
2,0.07,0.04,4,0.5
2,0.07,0.06,1,0.5800000000000001
2,0.07,0.06,2,0.56
2,0.07,0.06,3,0.65
2,0.07,0.06,4,0.5700000000000001
2,0.07,0.08,1,0.6699999999999999
2,0.07,0.08,2,0.6
2,0.07,0.08,3,0.6
2,0.07,0.08,4,0.55
2,0.07,0.1,1,0.6599999999999999
2,0.07,0.1,2,0.65
2,0.07,0.1,3,0.75
2,0.07,0.1,4,0.64
2,0.1,0.0,1,0.33999999999999997
2,0.1,0.0,2,0.47
2,0.1,0.0,3,0.38
2,0.1,0.0,4,0.42000000000000004
2,0.1,0.02,1,0.51
2,0.1,0.02,2,0.5700000000000001
2,0.1,0.02,3,0.5
2,0.1,0.02,4,0.51
2,0.1,0.04,1,0.6
2,0.1,0.04,2,0.62
2,0.1,0.04,3,0.5700000000000001
2,0.1,0.04,4,0.62
2,0.1,0.06,1,0.6599999999999999
2,0.1,0.06,2,0.64
2,0.1,0.06,3,0.6
2,0.1,0.06,4,0.5900000000000001
2,0.1,0.08,1,0.69
2,0.1,0.08,2,0.6799999999999999
2,0.1,0.08,3,0.6599999999999999
2,0.1,0.08,4,0.72
2,0.1,0.1,1,0.7
2,0.1,0.1,2,0.73
2,0.1,0.1,3,0.71
2,0.1,0.1,4,0.7
3,0.01,0.0,1,0.06999999999999995
3,0.01,0.0,2,0.030000000000000027
3,0.01,0.0,3,0.06000000000000005
3,0.01,0.0,4,0.050000000000000044
3,0.01,0.02,1,0.22999999999999998
3,0.01,0.02,2,0.17000000000000004
3,0.01,0.02,3,0.15000000000000002
3,0.01,0.02,4,0.13
3,0.01,0.04,1,0.31999999999999995
3,0.01,0.04,2,0.30000000000000004
3,0.01,0.04,3,0.35
3,0.01,0.04,4,0.25
3,0.01,0.06,1,0.43999999999999995
3,0.01,0.06,2,0.43000000000000005
3,0.01,0.06,3,0.4
3,0.01,0.06,4,0.4
3,0.01,0.08,1,0.56
3,0.01,0.08,2,0.53
3,0.01,0.08,3,0.5700000000000001
3,0.01,0.08,4,0.39
3,0.01,0.1,1,0.62
3,0.01,0.1,2,0.6
3,0.01,0.1,3,0.69
3,0.01,0.1,4,0.5700000000000001
3,0.03,0.0,1,0.17000000000000004
3,0.03,0.0,2,0.19999999999999996
3,0.03,0.0,3,0.13
3,0.03,0.0,4,0.13
3,0.03,0.02,1,0.31000000000000005
3,0.03,0.02,2,0.18999999999999995
3,0.03,0.02,3,0.30000000000000004
3,0.03,0.02,4,0.28
3,0.03,0.04,1,0.41000000000000003
3,0.03,0.04,2,0.27
3,0.03,0.04,3,0.24
3,0.03,0.04,4,0.37
3,0.03,0.06,1,0.37
3,0.03,0.06,2,0.5
3,0.03,0.06,3,0.43000000000000005
3,0.03,0.06,4,0.45999999999999996
3,0.03,0.08,1,0.6
3,0.03,0.08,2,0.43999999999999995
3,0.03,0.08,3,0.54
3,0.03,0.08,4,0.5
3,0.03,0.1,1,0.56
3,0.03,0.1,2,0.63
3,0.03,0.1,3,0.65
3,0.03,0.1,4,0.6599999999999999
3,0.05,0.0,1,0.18000000000000005
3,0.05,0.0,2,0.18000000000000005
3,0.05,0.0,3,0.18000000000000005
3,0.05,0.0,4,0.18000000000000005
3,0.05,0.02,1,0.36
3,0.05,0.02,2,0.32999999999999996
3,0.05,0.02,3,0.36
3,0.05,0.02,4,0.29000000000000004
3,0.05,0.04,1,0.45999999999999996
3,0.05,0.04,2,0.42000000000000004
3,0.05,0.04,3,0.41000000000000003
3,0.05,0.04,4,0.44999999999999996
3,0.05,0.06,1,0.54
3,0.05,0.06,2,0.49
3,0.05,0.06,3,0.5800000000000001
3,0.05,0.06,4,0.47
3,0.05,0.08,1,0.61
3,0.05,0.08,2,0.5700000000000001
3,0.05,0.08,3,0.6699999999999999
3,0.05,0.08,4,0.49
3,0.05,0.1,1,0.73
3,0.05,0.1,2,0.75
3,0.05,0.1,3,0.64
3,0.05,0.1,4,0.65
3,0.07,0.0,1,0.4
3,0.07,0.0,2,0.38
3,0.07,0.0,3,0.30000000000000004
3,0.07,0.0,4,0.35
3,0.07,0.02,1,0.49
3,0.07,0.02,2,0.48
3,0.07,0.02,3,0.43999999999999995
3,0.07,0.02,4,0.44999999999999996
3,0.07,0.04,1,0.5800000000000001
3,0.07,0.04,2,0.5900000000000001
3,0.07,0.04,3,0.42000000000000004
3,0.07,0.04,4,0.52
3,0.07,0.06,1,0.62
3,0.07,0.06,2,0.55
3,0.07,0.06,3,0.5700000000000001
3,0.07,0.06,4,0.61
3,0.07,0.08,1,0.6599999999999999
3,0.07,0.08,2,0.5700000000000001
3,0.07,0.08,3,0.65
3,0.07,0.08,4,0.64
3,0.07,0.1,1,0.78
3,0.07,0.1,2,0.6599999999999999
3,0.07,0.1,3,0.76
3,0.07,0.1,4,0.76
3,0.1,0.0,1,0.43999999999999995
3,0.1,0.0,2,0.45999999999999996
3,0.1,0.0,3,0.45999999999999996
3,0.1,0.0,4,0.48
3,0.1,0.02,1,0.53
3,0.1,0.02,2,0.62
3,0.1,0.02,3,0.49
3,0.1,0.02,4,0.52
3,0.1,0.04,1,0.62
3,0.1,0.04,2,0.65
3,0.1,0.04,3,0.5
3,0.1,0.04,4,0.63
3,0.1,0.06,1,0.69
3,0.1,0.06,2,0.6599999999999999
3,0.1,0.06,3,0.6599999999999999
3,0.1,0.06,4,0.61
3,0.1,0.08,1,0.75
3,0.1,0.08,2,0.62
3,0.1,0.08,3,0.64
3,0.1,0.08,4,0.7
3,0.1,0.1,1,0.74
3,0.1,0.1,2,0.79
3,0.1,0.1,3,0.65
3,0.1,0.1,4,0.76
4,0.01,0.0,1,0.040000000000000036
4,0.01,0.0,2,0.07999999999999996
4,0.01,0.0,3,0.06999999999999995
4,0.01,0.0,4,0.06999999999999995
4,0.01,0.02,1,0.19999999999999996
4,0.01,0.02,2,0.09999999999999998
4,0.01,0.02,3,0.18000000000000005
4,0.01,0.02,4,0.24
4,0.01,0.04,1,0.36
4,0.01,0.04,2,0.31000000000000005
4,0.01,0.04,3,0.37
4,0.01,0.04,4,0.28
4,0.01,0.06,1,0.45999999999999996
4,0.01,0.06,2,0.33999999999999997
4,0.01,0.06,3,0.32999999999999996
4,0.01,0.06,4,0.42000000000000004
4,0.01,0.08,1,0.53
4,0.01,0.08,2,0.54
4,0.01,0.08,3,0.51
4,0.01,0.08,4,0.5700000000000001
4,0.01,0.1,1,0.5900000000000001
4,0.01,0.1,2,0.62
4,0.01,0.1,3,0.55
4,0.01,0.1,4,0.6799999999999999
4,0.03,0.0,1,0.16000000000000003
4,0.03,0.0,2,0.19999999999999996
4,0.03,0.0,3,0.12
4,0.03,0.0,4,0.18000000000000005
4,0.03,0.02,1,0.31000000000000005
4,0.03,0.02,2,0.28
4,0.03,0.02,3,0.21999999999999997
4,0.03,0.02,4,0.21999999999999997
4,0.03,0.04,1,0.48
4,0.03,0.04,2,0.43000000000000005
4,0.03,0.04,3,0.39
4,0.03,0.04,4,0.33999999999999997
4,0.03,0.06,1,0.54
4,0.03,0.06,2,0.41000000000000003
4,0.03,0.06,3,0.5
4,0.03,0.06,4,0.47
4,0.03,0.08,1,0.54
4,0.03,0.08,2,0.63
4,0.03,0.08,3,0.49
4,0.03,0.08,4,0.49
4,0.03,0.1,1,0.64
4,0.03,0.1,2,0.5700000000000001
4,0.03,0.1,3,0.64
4,0.03,0.1,4,0.5700000000000001
4,0.05,0.0,1,0.26
4,0.05,0.0,2,0.21999999999999997
4,0.05,0.0,3,0.21999999999999997
4,0.05,0.0,4,0.22999999999999998
4,0.05,0.02,1,0.38
4,0.05,0.02,2,0.27
4,0.05,0.02,3,0.42000000000000004
4,0.05,0.02,4,0.36
4,0.05,0.04,1,0.5
4,0.05,0.04,2,0.43000000000000005
4,0.05,0.04,3,0.45999999999999996
4,0.05,0.04,4,0.43999999999999995
4,0.05,0.06,1,0.56
4,0.05,0.06,2,0.65
4,0.05,0.06,3,0.64
4,0.05,0.06,4,0.5800000000000001
4,0.05,0.08,1,0.64
4,0.05,0.08,2,0.5700000000000001
4,0.05,0.08,3,0.6
4,0.05,0.08,4,0.5800000000000001
4,0.05,0.1,1,0.74
4,0.05,0.1,2,0.64
4,0.05,0.1,3,0.6
4,0.05,0.1,4,0.64
4,0.07,0.0,1,0.47
4,0.07,0.0,2,0.25
4,0.07,0.0,3,0.32999999999999996
4,0.07,0.0,4,0.29000000000000004
4,0.07,0.02,1,0.48
4,0.07,0.02,2,0.44999999999999996
4,0.07,0.02,3,0.43999999999999995
4,0.07,0.02,4,0.28
4,0.07,0.04,1,0.64
4,0.07,0.04,2,0.62
4,0.07,0.04,3,0.49
4,0.07,0.04,4,0.5800000000000001
4,0.07,0.06,1,0.72
4,0.07,0.06,2,0.5
4,0.07,0.06,3,0.6
4,0.07,0.06,4,0.6699999999999999
4,0.07,0.08,1,0.74
4,0.07,0.08,2,0.6699999999999999
4,0.07,0.08,3,0.7
4,0.07,0.08,4,0.62
4,0.07,0.1,1,0.85
4,0.07,0.1,2,0.69
4,0.07,0.1,3,0.65
4,0.07,0.1,4,0.73
4,0.1,0.0,1,0.5900000000000001
4,0.1,0.0,2,0.52
4,0.1,0.0,3,0.5
4,0.1,0.0,4,0.39
4,0.1,0.02,1,0.6599999999999999
4,0.1,0.02,2,0.64
4,0.1,0.02,3,0.52
4,0.1,0.02,4,0.53
4,0.1,0.04,1,0.73
4,0.1,0.04,2,0.52
4,0.1,0.04,3,0.54
4,0.1,0.04,4,0.5900000000000001
4,0.1,0.06,1,0.81
4,0.1,0.06,2,0.7
4,0.1,0.06,3,0.65
4,0.1,0.06,4,0.7
4,0.1,0.08,1,0.77
4,0.1,0.08,2,0.73
4,0.1,0.08,3,0.76
4,0.1,0.08,4,0.74
4,0.1,0.1,1,0.81
4,0.1,0.1,2,0.79
4,0.1,0.1,3,0.8
4,0.1,0.1,4,0.77
5,0.01,0.0,1,0.050000000000000044
5,0.01,0.0,2,0.06000000000000005
5,0.01,0.0,3,0.10999999999999999
5,0.01,0.0,4,0.050000000000000044
5,0.01,0.02,1,0.18000000000000005
5,0.01,0.02,2,0.24
5,0.01,0.02,3,0.19999999999999996
5,0.01,0.02,4,0.24
5,0.01,0.04,1,0.32999999999999996
5,0.01,0.04,2,0.20999999999999996
5,0.01,0.04,3,0.30000000000000004
5,0.01,0.04,4,0.21999999999999997
5,0.01,0.06,1,0.38
5,0.01,0.06,2,0.39
5,0.01,0.06,3,0.43000000000000005
5,0.01,0.06,4,0.36
5,0.01,0.08,1,0.49
5,0.01,0.08,2,0.47
5,0.01,0.08,3,0.43999999999999995
5,0.01,0.08,4,0.49
5,0.01,0.1,1,0.49
5,0.01,0.1,2,0.61
5,0.01,0.1,3,0.44999999999999996
5,0.01,0.1,4,0.5900000000000001
5,0.03,0.0,1,0.18999999999999995
5,0.03,0.0,2,0.14
5,0.03,0.0,3,0.10999999999999999
5,0.03,0.0,4,0.18000000000000005
5,0.03,0.02,1,0.31000000000000005
5,0.03,0.02,2,0.25
5,0.03,0.02,3,0.28
5,0.03,0.02,4,0.29000000000000004
5,0.03,0.04,1,0.42000000000000004
5,0.03,0.04,2,0.36
5,0.03,0.04,3,0.36
5,0.03,0.04,4,0.29000000000000004
5,0.03,0.06,1,0.5
5,0.03,0.06,2,0.51
5,0.03,0.06,3,0.39
5,0.03,0.06,4,0.51
5,0.03,0.08,1,0.65
5,0.03,0.08,2,0.5800000000000001
5,0.03,0.08,3,0.52
5,0.03,0.08,4,0.52
5,0.03,0.1,1,0.77
5,0.03,0.1,2,0.56
5,0.03,0.1,3,0.6
5,0.03,0.1,4,0.63
5,0.05,0.0,1,0.31999999999999995
5,0.05,0.0,2,0.25
5,0.05,0.0,3,0.19999999999999996
5,0.05,0.0,4,0.18000000000000005
5,0.05,0.02,1,0.39
5,0.05,0.02,2,0.4
5,0.05,0.02,3,0.30000000000000004
5,0.05,0.02,4,0.35
5,0.05,0.04,1,0.52
5,0.05,0.04,2,0.44999999999999996
5,0.05,0.04,3,0.48
5,0.05,0.04,4,0.5
5,0.05,0.06,1,0.55
5,0.05,0.06,2,0.45999999999999996
5,0.05,0.06,3,0.5
5,0.05,0.06,4,0.51
5,0.05,0.08,1,0.69
5,0.05,0.08,2,0.56
5,0.05,0.08,3,0.51
5,0.05,0.08,4,0.53
5,0.05,0.1,1,0.79
5,0.05,0.1,2,0.62
5,0.05,0.1,3,0.65
5,0.05,0.1,4,0.69
5,0.07,0.0,1,0.51
5,0.07,0.0,2,0.37
5,0.07,0.0,3,0.42000000000000004
5,0.07,0.0,4,0.31999999999999995
5,0.07,0.02,1,0.43000000000000005
5,0.07,0.02,2,0.47
5,0.07,0.02,3,0.4
5,0.07,0.02,4,0.44999999999999996
5,0.07,0.04,1,0.64
5,0.07,0.04,2,0.47
5,0.07,0.04,3,0.37
5,0.07,0.04,4,0.47
5,0.07,0.06,1,0.77
5,0.07,0.06,2,0.61
5,0.07,0.06,3,0.5900000000000001
5,0.07,0.06,4,0.55
5,0.07,0.08,1,0.71
5,0.07,0.08,2,0.6599999999999999
5,0.07,0.08,3,0.7
5,0.07,0.08,4,0.71
5,0.07,0.1,1,0.85
5,0.07,0.1,2,0.75
5,0.07,0.1,3,0.7
5,0.07,0.1,4,0.69
5,0.1,0.0,1,0.5900000000000001
5,0.1,0.0,2,0.43000000000000005
5,0.1,0.0,3,0.51
5,0.1,0.0,4,0.45999999999999996
5,0.1,0.02,1,0.72
5,0.1,0.02,2,0.5700000000000001
5,0.1,0.02,3,0.55
5,0.1,0.02,4,0.53
5,0.1,0.04,1,0.63
5,0.1,0.04,2,0.6
5,0.1,0.04,3,0.55
5,0.1,0.04,4,0.5800000000000001
5,0.1,0.06,1,0.86
5,0.1,0.06,2,0.64
5,0.1,0.06,3,0.78
5,0.1,0.06,4,0.6599999999999999
5,0.1,0.08,1,0.84
5,0.1,0.08,2,0.8
5,0.1,0.08,3,0.79
5,0.1,0.08,4,0.6799999999999999
5,0.1,0.1,1,0.87
5,0.1,0.1,2,0.79
5,0.1,0.1,3,0.83
5,0.1,0.1,4,0.79
6,0.01,0.0,1,0.050000000000000044
6,0.01,0.0,2,0.06000000000000005
6,0.01,0.0,3,0.08999999999999997
6,0.01,0.0,4,0.040000000000000036
6,0.01,0.02,1,0.21999999999999997
6,0.01,0.02,2,0.16000000000000003
6,0.01,0.02,3,0.22999999999999998
6,0.01,0.02,4,0.18999999999999995
6,0.01,0.04,1,0.37
6,0.01,0.04,2,0.43000000000000005
6,0.01,0.04,3,0.31000000000000005
6,0.01,0.04,4,0.26
6,0.01,0.06,1,0.38
6,0.01,0.06,2,0.43999999999999995
6,0.01,0.06,3,0.29000000000000004
6,0.01,0.06,4,0.42000000000000004
6,0.01,0.08,1,0.53
6,0.01,0.08,2,0.5700000000000001
6,0.01,0.08,3,0.44999999999999996
6,0.01,0.08,4,0.45999999999999996
6,0.01,0.1,1,0.65
6,0.01,0.1,2,0.5800000000000001
6,0.01,0.1,3,0.5700000000000001
6,0.01,0.1,4,0.53
6,0.03,0.0,1,0.26
6,0.03,0.0,2,0.13
6,0.03,0.0,3,0.14
6,0.03,0.0,4,0.09999999999999998
6,0.03,0.02,1,0.4
6,0.03,0.02,2,0.26
6,0.03,0.02,3,0.28
6,0.03,0.02,4,0.35
6,0.03,0.04,1,0.38
6,0.03,0.04,2,0.43000000000000005
6,0.03,0.04,3,0.33999999999999997
6,0.03,0.04,4,0.4
6,0.03,0.06,1,0.51
6,0.03,0.06,2,0.56
6,0.03,0.06,3,0.43999999999999995
6,0.03,0.06,4,0.47
6,0.03,0.08,1,0.61
6,0.03,0.08,2,0.61
6,0.03,0.08,3,0.55
6,0.03,0.08,4,0.47
6,0.03,0.1,1,0.73
6,0.03,0.1,2,0.6599999999999999
6,0.03,0.1,3,0.69
6,0.03,0.1,4,0.64
6,0.05,0.0,1,0.38
6,0.05,0.0,2,0.21999999999999997
6,0.05,0.0,3,0.21999999999999997
6,0.05,0.0,4,0.31999999999999995
6,0.05,0.02,1,0.52
6,0.05,0.02,2,0.35
6,0.05,0.02,3,0.26
6,0.05,0.02,4,0.28
6,0.05,0.04,1,0.63
6,0.05,0.04,2,0.45999999999999996
6,0.05,0.04,3,0.42000000000000004
6,0.05,0.04,4,0.53
6,0.05,0.06,1,0.64
6,0.05,0.06,2,0.56
6,0.05,0.06,3,0.52
6,0.05,0.06,4,0.47
6,0.05,0.08,1,0.6599999999999999
6,0.05,0.08,2,0.61
6,0.05,0.08,3,0.62
6,0.05,0.08,4,0.72
6,0.05,0.1,1,0.6699999999999999
6,0.05,0.1,2,0.69
6,0.05,0.1,3,0.64
6,0.05,0.1,4,0.75
6,0.07,0.0,1,0.52
6,0.07,0.0,2,0.32999999999999996
6,0.07,0.0,3,0.22999999999999998
6,0.07,0.0,4,0.29000000000000004
6,0.07,0.02,1,0.61
6,0.07,0.02,2,0.31999999999999995
6,0.07,0.02,3,0.41000000000000003
6,0.07,0.02,4,0.42000000000000004
6,0.07,0.04,1,0.73
6,0.07,0.04,2,0.55
6,0.07,0.04,3,0.5
6,0.07,0.04,4,0.43999999999999995
6,0.07,0.06,1,0.73
6,0.07,0.06,2,0.61
6,0.07,0.06,3,0.5800000000000001
6,0.07,0.06,4,0.56
6,0.07,0.08,1,0.75
6,0.07,0.08,2,0.71
6,0.07,0.08,3,0.74
6,0.07,0.08,4,0.61
6,0.07,0.1,1,0.79
6,0.07,0.1,2,0.6599999999999999
6,0.07,0.1,3,0.64
6,0.07,0.1,4,0.6799999999999999
6,0.1,0.0,1,0.7
6,0.1,0.0,2,0.44999999999999996
6,0.1,0.0,3,0.43999999999999995
6,0.1,0.0,4,0.43000000000000005
6,0.1,0.02,1,0.7
6,0.1,0.02,2,0.51
6,0.1,0.02,3,0.5700000000000001
6,0.1,0.02,4,0.54
6,0.1,0.04,1,0.77
6,0.1,0.04,2,0.65
6,0.1,0.04,3,0.69
6,0.1,0.04,4,0.64
6,0.1,0.06,1,0.81
6,0.1,0.06,2,0.73
6,0.1,0.06,3,0.6799999999999999
6,0.1,0.06,4,0.5900000000000001
6,0.1,0.08,1,0.78
6,0.1,0.08,2,0.7
6,0.1,0.08,3,0.76
6,0.1,0.08,4,0.73
6,0.1,0.1,1,0.85
6,0.1,0.1,2,0.81
6,0.1,0.1,3,0.78
6,0.1,0.1,4,0.73
7,0.01,0.0,1,0.06000000000000005
7,0.01,0.0,2,0.030000000000000027
7,0.01,0.0,3,0.040000000000000036
7,0.01,0.0,4,0.050000000000000044
7,0.01,0.02,1,0.18000000000000005
7,0.01,0.02,2,0.18999999999999995
7,0.01,0.02,3,0.15000000000000002
7,0.01,0.02,4,0.19999999999999996
7,0.01,0.04,1,0.33999999999999997
7,0.01,0.04,2,0.29000000000000004
7,0.01,0.04,3,0.26
7,0.01,0.04,4,0.27
7,0.01,0.06,1,0.36
7,0.01,0.06,2,0.38
7,0.01,0.06,3,0.48
7,0.01,0.06,4,0.43000000000000005
7,0.01,0.08,1,0.49
7,0.01,0.08,2,0.49
7,0.01,0.08,3,0.53
7,0.01,0.08,4,0.53
7,0.01,0.1,1,0.5800000000000001
7,0.01,0.1,2,0.5700000000000001
7,0.01,0.1,3,0.5700000000000001
7,0.01,0.1,4,0.5700000000000001
7,0.03,0.0,1,0.19999999999999996
7,0.03,0.0,2,0.07999999999999996
7,0.03,0.0,3,0.14
7,0.03,0.0,4,0.09999999999999998
7,0.03,0.02,1,0.47
7,0.03,0.02,2,0.21999999999999997
7,0.03,0.02,3,0.25
7,0.03,0.02,4,0.30000000000000004
7,0.03,0.04,1,0.5
7,0.03,0.04,2,0.31000000000000005
7,0.03,0.04,3,0.44999999999999996
7,0.03,0.04,4,0.4
7,0.03,0.06,1,0.5700000000000001
7,0.03,0.06,2,0.39
7,0.03,0.06,3,0.48
7,0.03,0.06,4,0.48
7,0.03,0.08,1,0.62
7,0.03,0.08,2,0.6
7,0.03,0.08,3,0.56
7,0.03,0.08,4,0.6699999999999999
7,0.03,0.1,1,0.65
7,0.03,0.1,2,0.55
7,0.03,0.1,3,0.5900000000000001
7,0.03,0.1,4,0.63
7,0.05,0.0,1,0.42000000000000004
7,0.05,0.0,2,0.18000000000000005
7,0.05,0.0,3,0.26
7,0.05,0.0,4,0.25
7,0.05,0.02,1,0.5
7,0.05,0.02,2,0.22999999999999998
7,0.05,0.02,3,0.28
7,0.05,0.02,4,0.28
7,0.05,0.04,1,0.5700000000000001
7,0.05,0.04,2,0.51
7,0.05,0.04,3,0.4
7,0.05,0.04,4,0.47
7,0.05,0.06,1,0.62
7,0.05,0.06,2,0.51
7,0.05,0.06,3,0.51
7,0.05,0.06,4,0.5700000000000001
7,0.05,0.08,1,0.7
7,0.05,0.08,2,0.65
7,0.05,0.08,3,0.53
7,0.05,0.08,4,0.5900000000000001
7,0.05,0.1,1,0.84
7,0.05,0.1,2,0.65
7,0.05,0.1,3,0.63
7,0.05,0.1,4,0.72
7,0.07,0.0,1,0.45999999999999996
7,0.07,0.0,2,0.35
7,0.07,0.0,3,0.30000000000000004
7,0.07,0.0,4,0.31000000000000005
7,0.07,0.02,1,0.5900000000000001
7,0.07,0.02,2,0.45999999999999996
7,0.07,0.02,3,0.4
7,0.07,0.02,4,0.43000000000000005
7,0.07,0.04,1,0.69
7,0.07,0.04,2,0.54
7,0.07,0.04,3,0.45999999999999996
7,0.07,0.04,4,0.42000000000000004
7,0.07,0.06,1,0.73
7,0.07,0.06,2,0.56
7,0.07,0.06,3,0.52
7,0.07,0.06,4,0.55
7,0.07,0.08,1,0.77
7,0.07,0.08,2,0.65
7,0.07,0.08,3,0.7
7,0.07,0.08,4,0.72
7,0.07,0.1,1,0.78
7,0.07,0.1,2,0.7
7,0.07,0.1,3,0.78
7,0.07,0.1,4,0.73
7,0.1,0.0,1,0.76
7,0.1,0.0,2,0.35
7,0.1,0.0,3,0.44999999999999996
7,0.1,0.0,4,0.39
7,0.1,0.02,1,0.72
7,0.1,0.02,2,0.61
7,0.1,0.02,3,0.52
7,0.1,0.02,4,0.47
7,0.1,0.04,1,0.85
7,0.1,0.04,2,0.6799999999999999
7,0.1,0.04,3,0.5700000000000001
7,0.1,0.04,4,0.5900000000000001
7,0.1,0.06,1,0.78
7,0.1,0.06,2,0.62
7,0.1,0.06,3,0.6799999999999999
7,0.1,0.06,4,0.69
7,0.1,0.08,1,0.83
7,0.1,0.08,2,0.73
7,0.1,0.08,3,0.7
7,0.1,0.08,4,0.6699999999999999
7,0.1,0.1,1,0.81
7,0.1,0.1,2,0.79
7,0.1,0.1,3,0.72
7,0.1,0.1,4,0.7
8,0.01,0.0,1,0.06000000000000005
8,0.01,0.0,2,0.040000000000000036
8,0.01,0.0,3,0.020000000000000018
8,0.01,0.0,4,0.06000000000000005
8,0.01,0.02,1,0.26
8,0.01,0.02,2,0.27
8,0.01,0.02,3,0.18999999999999995
8,0.01,0.02,4,0.14
8,0.01,0.04,1,0.42000000000000004
8,0.01,0.04,2,0.31999999999999995
8,0.01,0.04,3,0.30000000000000004
8,0.01,0.04,4,0.24
8,0.01,0.06,1,0.38
8,0.01,0.06,2,0.37
8,0.01,0.06,3,0.49
8,0.01,0.06,4,0.4
8,0.01,0.08,1,0.5900000000000001
8,0.01,0.08,2,0.51
8,0.01,0.08,3,0.53
8,0.01,0.08,4,0.56
8,0.01,0.1,1,0.6799999999999999
8,0.01,0.1,2,0.5700000000000001
8,0.01,0.1,3,0.61
8,0.01,0.1,4,0.5800000000000001
8,0.03,0.0,1,0.19999999999999996
8,0.03,0.0,2,0.10999999999999999
8,0.03,0.0,3,0.18999999999999995
8,0.03,0.0,4,0.15000000000000002
8,0.03,0.02,1,0.35
8,0.03,0.02,2,0.19999999999999996
8,0.03,0.02,3,0.31000000000000005
8,0.03,0.02,4,0.27
8,0.03,0.04,1,0.5
8,0.03,0.04,2,0.42000000000000004
8,0.03,0.04,3,0.4
8,0.03,0.04,4,0.32999999999999996
8,0.03,0.06,1,0.5700000000000001
8,0.03,0.06,2,0.44999999999999996
8,0.03,0.06,3,0.42000000000000004
8,0.03,0.06,4,0.51
8,0.03,0.08,1,0.63
8,0.03,0.08,2,0.52
8,0.03,0.08,3,0.45999999999999996
8,0.03,0.08,4,0.55
8,0.03,0.1,1,0.7
8,0.03,0.1,2,0.62
8,0.03,0.1,3,0.6599999999999999
8,0.03,0.1,4,0.61
8,0.05,0.0,1,0.36
8,0.05,0.0,2,0.20999999999999996
8,0.05,0.0,3,0.24
8,0.05,0.0,4,0.29000000000000004
8,0.05,0.02,1,0.42000000000000004
8,0.05,0.02,2,0.41000000000000003
8,0.05,0.02,3,0.38
8,0.05,0.02,4,0.27
8,0.05,0.04,1,0.53
8,0.05,0.04,2,0.38
8,0.05,0.04,3,0.48
8,0.05,0.04,4,0.43000000000000005
8,0.05,0.06,1,0.56
8,0.05,0.06,2,0.55
8,0.05,0.06,3,0.47
8,0.05,0.06,4,0.56
8,0.05,0.08,1,0.63
8,0.05,0.08,2,0.6
8,0.05,0.08,3,0.6
8,0.05,0.08,4,0.56
8,0.05,0.1,1,0.79
8,0.05,0.1,2,0.75
8,0.05,0.1,3,0.73
8,0.05,0.1,4,0.62
8,0.07,0.0,1,0.39
8,0.07,0.0,2,0.31999999999999995
8,0.07,0.0,3,0.33999999999999997
8,0.07,0.0,4,0.31000000000000005
8,0.07,0.02,1,0.45999999999999996
8,0.07,0.02,2,0.45999999999999996
8,0.07,0.02,3,0.47
8,0.07,0.02,4,0.47
8,0.07,0.04,1,0.6799999999999999
8,0.07,0.04,2,0.56
8,0.07,0.04,3,0.5
8,0.07,0.04,4,0.51
8,0.07,0.06,1,0.73
8,0.07,0.06,2,0.5
8,0.07,0.06,3,0.5700000000000001
8,0.07,0.06,4,0.63
8,0.07,0.08,1,0.84
8,0.07,0.08,2,0.65
8,0.07,0.08,3,0.6699999999999999
8,0.07,0.08,4,0.65
8,0.07,0.1,1,0.75
8,0.07,0.1,2,0.71
8,0.07,0.1,3,0.6799999999999999
8,0.07,0.1,4,0.71
8,0.1,0.0,1,0.71
8,0.1,0.0,2,0.47
8,0.1,0.0,3,0.41000000000000003
8,0.1,0.0,4,0.41000000000000003
8,0.1,0.02,1,0.79
8,0.1,0.02,2,0.52
8,0.1,0.02,3,0.5
8,0.1,0.02,4,0.52
8,0.1,0.04,1,0.78
8,0.1,0.04,2,0.53
8,0.1,0.04,3,0.5800000000000001
8,0.1,0.04,4,0.62
8,0.1,0.06,1,0.87
8,0.1,0.06,2,0.65
8,0.1,0.06,3,0.6699999999999999
8,0.1,0.06,4,0.56
8,0.1,0.08,1,0.83
8,0.1,0.08,2,0.75
8,0.1,0.08,3,0.7
8,0.1,0.08,4,0.76
8,0.1,0.1,1,0.86
8,0.1,0.1,2,0.84
8,0.1,0.1,3,0.78
8,0.1,0.1,4,0.72
9,0.01,0.0,1,0.10999999999999999
9,0.01,0.0,2,0.040000000000000036
9,0.01,0.0,3,0.040000000000000036
9,0.01,0.0,4,0.050000000000000044
9,0.01,0.02,1,0.24
9,0.01,0.02,2,0.18000000000000005
9,0.01,0.02,3,0.19999999999999996
9,0.01,0.02,4,0.16000000000000003
9,0.01,0.04,1,0.39
9,0.01,0.04,2,0.31000000000000005
9,0.01,0.04,3,0.41000000000000003
9,0.01,0.04,4,0.27
9,0.01,0.06,1,0.43999999999999995
9,0.01,0.06,2,0.38
9,0.01,0.06,3,0.43999999999999995
9,0.01,0.06,4,0.36
9,0.01,0.08,1,0.5700000000000001
9,0.01,0.08,2,0.48
9,0.01,0.08,3,0.42000000000000004
9,0.01,0.08,4,0.41000000000000003
9,0.01,0.1,1,0.5900000000000001
9,0.01,0.1,2,0.51
9,0.01,0.1,3,0.49
9,0.01,0.1,4,0.56
9,0.03,0.0,1,0.28
9,0.03,0.0,2,0.12
9,0.03,0.0,3,0.13
9,0.03,0.0,4,0.15000000000000002
9,0.03,0.02,1,0.33999999999999997
9,0.03,0.02,2,0.33999999999999997
9,0.03,0.02,3,0.20999999999999996
9,0.03,0.02,4,0.30000000000000004
9,0.03,0.04,1,0.53
9,0.03,0.04,2,0.39
9,0.03,0.04,3,0.29000000000000004
9,0.03,0.04,4,0.38
9,0.03,0.06,1,0.48
9,0.03,0.06,2,0.56
9,0.03,0.06,3,0.39
9,0.03,0.06,4,0.41000000000000003
9,0.03,0.08,1,0.6599999999999999
9,0.03,0.08,2,0.53
9,0.03,0.08,3,0.64
9,0.03,0.08,4,0.61
9,0.03,0.1,1,0.76
9,0.03,0.1,2,0.7
9,0.03,0.1,3,0.61
9,0.03,0.1,4,0.6599999999999999
9,0.05,0.0,1,0.43000000000000005
9,0.05,0.0,2,0.22999999999999998
9,0.05,0.0,3,0.16000000000000003
9,0.05,0.0,4,0.26
9,0.05,0.02,1,0.5
9,0.05,0.02,2,0.33999999999999997
9,0.05,0.02,3,0.32999999999999996
9,0.05,0.02,4,0.31000000000000005
9,0.05,0.04,1,0.52
9,0.05,0.04,2,0.39
9,0.05,0.04,3,0.44999999999999996
9,0.05,0.04,4,0.43999999999999995
9,0.05,0.06,1,0.61
9,0.05,0.06,2,0.45999999999999996
9,0.05,0.06,3,0.45999999999999996
9,0.05,0.06,4,0.47
9,0.05,0.08,1,0.71
9,0.05,0.08,2,0.63
9,0.05,0.08,3,0.7
9,0.05,0.08,4,0.5800000000000001
9,0.05,0.1,1,0.78
9,0.05,0.1,2,0.71
9,0.05,0.1,3,0.65
9,0.05,0.1,4,0.5700000000000001
9,0.07,0.0,1,0.52
9,0.07,0.0,2,0.35
9,0.07,0.0,3,0.21999999999999997
9,0.07,0.0,4,0.31000000000000005
9,0.07,0.02,1,0.6699999999999999
9,0.07,0.02,2,0.42000000000000004
9,0.07,0.02,3,0.35
9,0.07,0.02,4,0.5
9,0.07,0.04,1,0.6799999999999999
9,0.07,0.04,2,0.5
9,0.07,0.04,3,0.5
9,0.07,0.04,4,0.51
9,0.07,0.06,1,0.74
9,0.07,0.06,2,0.6599999999999999
9,0.07,0.06,3,0.5800000000000001
9,0.07,0.06,4,0.51
9,0.07,0.08,1,0.72
9,0.07,0.08,2,0.6599999999999999
9,0.07,0.08,3,0.5700000000000001
9,0.07,0.08,4,0.55
9,0.07,0.1,1,0.81
9,0.07,0.1,2,0.76
9,0.07,0.1,3,0.71
9,0.07,0.1,4,0.69
9,0.1,0.0,1,0.7
9,0.1,0.0,2,0.47
9,0.1,0.0,3,0.38
9,0.1,0.0,4,0.4
9,0.1,0.02,1,0.6799999999999999
9,0.1,0.02,2,0.5900000000000001
9,0.1,0.02,3,0.52
9,0.1,0.02,4,0.52
9,0.1,0.04,1,0.81
9,0.1,0.04,2,0.55
9,0.1,0.04,3,0.6599999999999999
9,0.1,0.04,4,0.62
9,0.1,0.06,1,0.86
9,0.1,0.06,2,0.73
9,0.1,0.06,3,0.77
9,0.1,0.06,4,0.6599999999999999
9,0.1,0.08,1,0.84
9,0.1,0.08,2,0.6599999999999999
9,0.1,0.08,3,0.79
9,0.1,0.08,4,0.61
9,0.1,0.1,1,0.85
9,0.1,0.1,2,0.8
9,0.1,0.1,3,0.78
9,0.1,0.1,4,0.77
10,0.01,0.0,1,0.08999999999999997
10,0.01,0.0,2,0.040000000000000036
10,0.01,0.0,3,0.040000000000000036
10,0.01,0.0,4,0.020000000000000018
10,0.01,0.02,1,0.21999999999999997
10,0.01,0.02,2,0.20999999999999996
10,0.01,0.02,3,0.19999999999999996
10,0.01,0.02,4,0.15000000000000002
10,0.01,0.04,1,0.31999999999999995
10,0.01,0.04,2,0.24
10,0.01,0.04,3,0.31000000000000005
10,0.01,0.04,4,0.39
10,0.01,0.06,1,0.47
10,0.01,0.06,2,0.42000000000000004
10,0.01,0.06,3,0.33999999999999997
10,0.01,0.06,4,0.36
10,0.01,0.08,1,0.49
10,0.01,0.08,2,0.5
10,0.01,0.08,3,0.56
10,0.01,0.08,4,0.45999999999999996
10,0.01,0.1,1,0.61
10,0.01,0.1,2,0.5900000000000001
10,0.01,0.1,3,0.5
10,0.01,0.1,4,0.54
10,0.03,0.0,1,0.30000000000000004
10,0.03,0.0,2,0.14
10,0.03,0.0,3,0.14
10,0.03,0.0,4,0.10999999999999999
10,0.03,0.02,1,0.31000000000000005
10,0.03,0.02,2,0.33999999999999997
10,0.03,0.02,3,0.29000000000000004
10,0.03,0.02,4,0.32999999999999996
10,0.03,0.04,1,0.41000000000000003
10,0.03,0.04,2,0.32999999999999996
10,0.03,0.04,3,0.39
10,0.03,0.04,4,0.4
10,0.03,0.06,1,0.5700000000000001
10,0.03,0.06,2,0.54
10,0.03,0.06,3,0.48
10,0.03,0.06,4,0.53
10,0.03,0.08,1,0.62
10,0.03,0.08,2,0.41000000000000003
10,0.03,0.08,3,0.53
10,0.03,0.08,4,0.47
10,0.03,0.1,1,0.69
10,0.03,0.1,2,0.63
10,0.03,0.1,3,0.5700000000000001
10,0.03,0.1,4,0.65
10,0.05,0.0,1,0.44999999999999996
10,0.05,0.0,2,0.24
10,0.05,0.0,3,0.22999999999999998
10,0.05,0.0,4,0.18999999999999995
10,0.05,0.02,1,0.47
10,0.05,0.02,2,0.31999999999999995
10,0.05,0.02,3,0.39
10,0.05,0.02,4,0.39
10,0.05,0.04,1,0.63
10,0.05,0.04,2,0.54
10,0.05,0.04,3,0.5
10,0.05,0.04,4,0.5
10,0.05,0.06,1,0.5700000000000001
10,0.05,0.06,2,0.56
10,0.05,0.06,3,0.5900000000000001
10,0.05,0.06,4,0.5
10,0.05,0.08,1,0.62
10,0.05,0.08,2,0.56
10,0.05,0.08,3,0.6599999999999999
10,0.05,0.08,4,0.61
10,0.05,0.1,1,0.75
10,0.05,0.1,2,0.63
10,0.05,0.1,3,0.6699999999999999
10,0.05,0.1,4,0.62
10,0.07,0.0,1,0.6
10,0.07,0.0,2,0.27
10,0.07,0.0,3,0.32999999999999996
10,0.07,0.0,4,0.37
10,0.07,0.02,1,0.69
10,0.07,0.02,2,0.43999999999999995
10,0.07,0.02,3,0.32999999999999996
10,0.07,0.02,4,0.41000000000000003
10,0.07,0.04,1,0.65
10,0.07,0.04,2,0.5
10,0.07,0.04,3,0.51
10,0.07,0.04,4,0.51
10,0.07,0.06,1,0.73
10,0.07,0.06,2,0.65
10,0.07,0.06,3,0.5700000000000001
10,0.07,0.06,4,0.56
10,0.07,0.08,1,0.73
10,0.07,0.08,2,0.64
10,0.07,0.08,3,0.61
10,0.07,0.08,4,0.5900000000000001
10,0.07,0.1,1,0.86
10,0.07,0.1,2,0.6799999999999999
10,0.07,0.1,3,0.76
10,0.07,0.1,4,0.61
10,0.1,0.0,1,0.6799999999999999
10,0.1,0.0,2,0.49
10,0.1,0.0,3,0.45999999999999996
10,0.1,0.0,4,0.48
10,0.1,0.02,1,0.71
10,0.1,0.02,2,0.54
10,0.1,0.02,3,0.5
10,0.1,0.02,4,0.5700000000000001
10,0.1,0.04,1,0.8
10,0.1,0.04,2,0.62
10,0.1,0.04,3,0.62
10,0.1,0.04,4,0.49
10,0.1,0.06,1,0.81
10,0.1,0.06,2,0.65
10,0.1,0.06,3,0.73
10,0.1,0.06,4,0.61
10,0.1,0.08,1,0.81
10,0.1,0.08,2,0.8
10,0.1,0.08,3,0.72
10,0.1,0.08,4,0.72
10,0.1,0.1,1,0.89
10,0.1,0.1,2,0.73
10,0.1,0.1,3,0.74
10,0.1,0.1,4,0.73
11,0.01,0.0,1,0.18000000000000005
11,0.01,0.0,2,0.050000000000000044
11,0.01,0.0,3,0.030000000000000027
11,0.01,0.0,4,0.06000000000000005
11,0.01,0.02,1,0.30000000000000004
11,0.01,0.02,2,0.18000000000000005
11,0.01,0.02,3,0.18999999999999995
11,0.01,0.02,4,0.13
11,0.01,0.04,1,0.31999999999999995
11,0.01,0.04,2,0.27
11,0.01,0.04,3,0.35
11,0.01,0.04,4,0.29000000000000004
11,0.01,0.06,1,0.44999999999999996
11,0.01,0.06,2,0.33999999999999997
11,0.01,0.06,3,0.43000000000000005
11,0.01,0.06,4,0.37
11,0.01,0.08,1,0.45999999999999996
11,0.01,0.08,2,0.47
11,0.01,0.08,3,0.5
11,0.01,0.08,4,0.36
11,0.01,0.1,1,0.63
11,0.01,0.1,2,0.48
11,0.01,0.1,3,0.56
11,0.01,0.1,4,0.54
11,0.03,0.0,1,0.27
11,0.03,0.0,2,0.17000000000000004
11,0.03,0.0,3,0.14
11,0.03,0.0,4,0.10999999999999999
11,0.03,0.02,1,0.37
11,0.03,0.02,2,0.20999999999999996
11,0.03,0.02,3,0.29000000000000004
11,0.03,0.02,4,0.31999999999999995
11,0.03,0.04,1,0.49
11,0.03,0.04,2,0.43000000000000005
11,0.03,0.04,3,0.31999999999999995
11,0.03,0.04,4,0.38
11,0.03,0.06,1,0.5700000000000001
11,0.03,0.06,2,0.49
11,0.03,0.06,3,0.5
11,0.03,0.06,4,0.45999999999999996
11,0.03,0.08,1,0.5900000000000001
11,0.03,0.08,2,0.61
11,0.03,0.08,3,0.56
11,0.03,0.08,4,0.6
11,0.03,0.1,1,0.65
11,0.03,0.1,2,0.72
11,0.03,0.1,3,0.63
11,0.03,0.1,4,0.5700000000000001
11,0.05,0.0,1,0.39
11,0.05,0.0,2,0.18999999999999995
11,0.05,0.0,3,0.19999999999999996
11,0.05,0.0,4,0.18000000000000005
11,0.05,0.02,1,0.54
11,0.05,0.02,2,0.33999999999999997
11,0.05,0.02,3,0.39
11,0.05,0.02,4,0.31999999999999995
11,0.05,0.04,1,0.6
11,0.05,0.04,2,0.4
11,0.05,0.04,3,0.5
11,0.05,0.04,4,0.48
11,0.05,0.06,1,0.6799999999999999
11,0.05,0.06,2,0.51
11,0.05,0.06,3,0.51
11,0.05,0.06,4,0.52
11,0.05,0.08,1,0.61
11,0.05,0.08,2,0.6699999999999999
11,0.05,0.08,3,0.6
11,0.05,0.08,4,0.52
11,0.05,0.1,1,0.8200000000000001
11,0.05,0.1,2,0.6599999999999999
11,0.05,0.1,3,0.76
11,0.05,0.1,4,0.65
11,0.07,0.0,1,0.47
11,0.07,0.0,2,0.27
11,0.07,0.0,3,0.31999999999999995
11,0.07,0.0,4,0.29000000000000004
11,0.07,0.02,1,0.63
11,0.07,0.02,2,0.42000000000000004
11,0.07,0.02,3,0.4
11,0.07,0.02,4,0.32999999999999996
11,0.07,0.04,1,0.6699999999999999
11,0.07,0.04,2,0.42000000000000004
11,0.07,0.04,3,0.5
11,0.07,0.04,4,0.54
11,0.07,0.06,1,0.77
11,0.07,0.06,2,0.5900000000000001
11,0.07,0.06,3,0.52
11,0.07,0.06,4,0.56
11,0.07,0.08,1,0.73
11,0.07,0.08,2,0.55
11,0.07,0.08,3,0.63
11,0.07,0.08,4,0.6799999999999999
11,0.07,0.1,1,0.76
11,0.07,0.1,2,0.73
11,0.07,0.1,3,0.72
11,0.07,0.1,4,0.6699999999999999
11,0.1,0.0,1,0.6599999999999999
11,0.1,0.0,2,0.47
11,0.1,0.0,3,0.43999999999999995
11,0.1,0.0,4,0.5
11,0.1,0.02,1,0.7
11,0.1,0.02,2,0.5800000000000001
11,0.1,0.02,3,0.49
11,0.1,0.02,4,0.43999999999999995
11,0.1,0.04,1,0.8
11,0.1,0.04,2,0.6599999999999999
11,0.1,0.04,3,0.6799999999999999
11,0.1,0.04,4,0.61
11,0.1,0.06,1,0.88
11,0.1,0.06,2,0.75
11,0.1,0.06,3,0.6599999999999999
11,0.1,0.06,4,0.6699999999999999
11,0.1,0.08,1,0.79
11,0.1,0.08,2,0.77
11,0.1,0.08,3,0.7
11,0.1,0.08,4,0.87
11,0.1,0.1,1,0.9
11,0.1,0.1,2,0.83
11,0.1,0.1,3,0.76
11,0.1,0.1,4,0.71
12,0.01,0.0,1,0.10999999999999999
12,0.01,0.0,2,0.050000000000000044
12,0.01,0.0,3,0.040000000000000036
12,0.01,0.0,4,0.0
12,0.01,0.02,1,0.18000000000000005
12,0.01,0.02,2,0.17000000000000004
12,0.01,0.02,3,0.18999999999999995
12,0.01,0.02,4,0.20999999999999996
12,0.01,0.04,1,0.37
12,0.01,0.04,2,0.26
12,0.01,0.04,3,0.35
12,0.01,0.04,4,0.36
12,0.01,0.06,1,0.42000000000000004
12,0.01,0.06,2,0.43000000000000005
12,0.01,0.06,3,0.39
12,0.01,0.06,4,0.37
12,0.01,0.08,1,0.48
12,0.01,0.08,2,0.54
12,0.01,0.08,3,0.55
12,0.01,0.08,4,0.52
12,0.01,0.1,1,0.6
12,0.01,0.1,2,0.53
12,0.01,0.1,3,0.5700000000000001
12,0.01,0.1,4,0.5800000000000001
12,0.03,0.0,1,0.28
12,0.03,0.0,2,0.18999999999999995
12,0.03,0.0,3,0.18999999999999995
12,0.03,0.0,4,0.13
12,0.03,0.02,1,0.33999999999999997
12,0.03,0.02,2,0.25
12,0.03,0.02,3,0.22999999999999998
12,0.03,0.02,4,0.29000000000000004
12,0.03,0.04,1,0.43000000000000005
12,0.03,0.04,2,0.37
12,0.03,0.04,3,0.32999999999999996
12,0.03,0.04,4,0.4
12,0.03,0.06,1,0.56
12,0.03,0.06,2,0.43999999999999995
12,0.03,0.06,3,0.45999999999999996
12,0.03,0.06,4,0.38
12,0.03,0.08,1,0.62
12,0.03,0.08,2,0.61
12,0.03,0.08,3,0.5900000000000001
12,0.03,0.08,4,0.5800000000000001
12,0.03,0.1,1,0.69
12,0.03,0.1,2,0.54
12,0.03,0.1,3,0.7
12,0.03,0.1,4,0.69
12,0.05,0.0,1,0.43999999999999995
12,0.05,0.0,2,0.14
12,0.05,0.0,3,0.31999999999999995
12,0.05,0.0,4,0.29000000000000004
12,0.05,0.02,1,0.52
12,0.05,0.02,2,0.43000000000000005
12,0.05,0.02,3,0.36
12,0.05,0.02,4,0.35
12,0.05,0.04,1,0.5800000000000001
12,0.05,0.04,2,0.43000000000000005
12,0.05,0.04,3,0.44999999999999996
12,0.05,0.04,4,0.39
12,0.05,0.06,1,0.65
12,0.05,0.06,2,0.52
12,0.05,0.06,3,0.54
12,0.05,0.06,4,0.54
12,0.05,0.08,1,0.69
12,0.05,0.08,2,0.56
12,0.05,0.08,3,0.6
12,0.05,0.08,4,0.6
12,0.05,0.1,1,0.81
12,0.05,0.1,2,0.64
12,0.05,0.1,3,0.6599999999999999
12,0.05,0.1,4,0.5900000000000001
12,0.07,0.0,1,0.45999999999999996
12,0.07,0.0,2,0.21999999999999997
12,0.07,0.0,3,0.32999999999999996
12,0.07,0.0,4,0.30000000000000004
12,0.07,0.02,1,0.64
12,0.07,0.02,2,0.43000000000000005
12,0.07,0.02,3,0.35
12,0.07,0.02,4,0.44999999999999996
12,0.07,0.04,1,0.6
12,0.07,0.04,2,0.43999999999999995
12,0.07,0.04,3,0.53
12,0.07,0.04,4,0.43000000000000005
12,0.07,0.06,1,0.69
12,0.07,0.06,2,0.5700000000000001
12,0.07,0.06,3,0.51
12,0.07,0.06,4,0.64
12,0.07,0.08,1,0.76
12,0.07,0.08,2,0.71
12,0.07,0.08,3,0.5900000000000001
12,0.07,0.08,4,0.63
12,0.07,0.1,1,0.75
12,0.07,0.1,2,0.73
12,0.07,0.1,3,0.73
12,0.07,0.1,4,0.6799999999999999
12,0.1,0.0,1,0.73
12,0.1,0.0,2,0.49
12,0.1,0.0,3,0.39
12,0.1,0.0,4,0.43000000000000005
12,0.1,0.02,1,0.7
12,0.1,0.02,2,0.52
12,0.1,0.02,3,0.48
12,0.1,0.02,4,0.51
12,0.1,0.04,1,0.73
12,0.1,0.04,2,0.63
12,0.1,0.04,3,0.61
12,0.1,0.04,4,0.62
12,0.1,0.06,1,0.8200000000000001
12,0.1,0.06,2,0.71
12,0.1,0.06,3,0.65
12,0.1,0.06,4,0.71
12,0.1,0.08,1,0.8200000000000001
12,0.1,0.08,2,0.77
12,0.1,0.08,3,0.75
12,0.1,0.08,4,0.74
12,0.1,0.1,1,0.88
12,0.1,0.1,2,0.77
12,0.1,0.1,3,0.75
12,0.1,0.1,4,0.75
13,0.01,0.0,1,0.06000000000000005
13,0.01,0.0,2,0.050000000000000044
13,0.01,0.0,3,0.030000000000000027
13,0.01,0.0,4,0.040000000000000036
13,0.01,0.02,1,0.31000000000000005
13,0.01,0.02,2,0.20999999999999996
13,0.01,0.02,3,0.21999999999999997
13,0.01,0.02,4,0.17000000000000004
13,0.01,0.04,1,0.31000000000000005
13,0.01,0.04,2,0.32999999999999996
13,0.01,0.04,3,0.18999999999999995
13,0.01,0.04,4,0.33999999999999997
13,0.01,0.06,1,0.37
13,0.01,0.06,2,0.35
13,0.01,0.06,3,0.41000000000000003
13,0.01,0.06,4,0.44999999999999996
13,0.01,0.08,1,0.56
13,0.01,0.08,2,0.5
13,0.01,0.08,3,0.52
13,0.01,0.08,4,0.52
13,0.01,0.1,1,0.65
13,0.01,0.1,2,0.54
13,0.01,0.1,3,0.49
13,0.01,0.1,4,0.6799999999999999
13,0.03,0.0,1,0.24
13,0.03,0.0,2,0.15000000000000002
13,0.03,0.0,3,0.14
13,0.03,0.0,4,0.17000000000000004
13,0.03,0.02,1,0.36
13,0.03,0.02,2,0.21999999999999997
13,0.03,0.02,3,0.20999999999999996
13,0.03,0.02,4,0.21999999999999997
13,0.03,0.04,1,0.43000000000000005
13,0.03,0.04,2,0.37
13,0.03,0.04,3,0.38
13,0.03,0.04,4,0.38
13,0.03,0.06,1,0.5700000000000001
13,0.03,0.06,2,0.56
13,0.03,0.06,3,0.45999999999999996
13,0.03,0.06,4,0.42000000000000004
13,0.03,0.08,1,0.5800000000000001
13,0.03,0.08,2,0.5800000000000001
13,0.03,0.08,3,0.5
13,0.03,0.08,4,0.56
13,0.03,0.1,1,0.6599999999999999
13,0.03,0.1,2,0.47
13,0.03,0.1,3,0.61
13,0.03,0.1,4,0.64
13,0.05,0.0,1,0.43000000000000005
13,0.05,0.0,2,0.19999999999999996
13,0.05,0.0,3,0.27
13,0.05,0.0,4,0.21999999999999997
13,0.05,0.02,1,0.47
13,0.05,0.02,2,0.31000000000000005
13,0.05,0.02,3,0.38
13,0.05,0.02,4,0.28
13,0.05,0.04,1,0.55
13,0.05,0.04,2,0.44999999999999996
13,0.05,0.04,3,0.41000000000000003
13,0.05,0.04,4,0.37
13,0.05,0.06,1,0.64
13,0.05,0.06,2,0.55
13,0.05,0.06,3,0.6
13,0.05,0.06,4,0.43000000000000005
13,0.05,0.08,1,0.62
13,0.05,0.08,2,0.61
13,0.05,0.08,3,0.64
13,0.05,0.08,4,0.62
13,0.05,0.1,1,0.74
13,0.05,0.1,2,0.65
13,0.05,0.1,3,0.71
13,0.05,0.1,4,0.63
13,0.07,0.0,1,0.5700000000000001
13,0.07,0.0,2,0.33999999999999997
13,0.07,0.0,3,0.28
13,0.07,0.0,4,0.32999999999999996
13,0.07,0.02,1,0.6599999999999999
13,0.07,0.02,2,0.49
13,0.07,0.02,3,0.4
13,0.07,0.02,4,0.42000000000000004
13,0.07,0.04,1,0.61
13,0.07,0.04,2,0.55
13,0.07,0.04,3,0.5
13,0.07,0.04,4,0.53
13,0.07,0.06,1,0.6799999999999999
13,0.07,0.06,2,0.56
13,0.07,0.06,3,0.65
13,0.07,0.06,4,0.56
13,0.07,0.08,1,0.77
13,0.07,0.08,2,0.6599999999999999
13,0.07,0.08,3,0.6699999999999999
13,0.07,0.08,4,0.71
13,0.07,0.1,1,0.83
13,0.07,0.1,2,0.6799999999999999
13,0.07,0.1,3,0.74
13,0.07,0.1,4,0.7
13,0.1,0.0,1,0.69
13,0.1,0.0,2,0.52
13,0.1,0.0,3,0.47
13,0.1,0.0,4,0.4
13,0.1,0.02,1,0.73
13,0.1,0.02,2,0.6
13,0.1,0.02,3,0.47
13,0.1,0.02,4,0.55
13,0.1,0.04,1,0.75
13,0.1,0.04,2,0.65
13,0.1,0.04,3,0.54
13,0.1,0.04,4,0.5900000000000001
13,0.1,0.06,1,0.81
13,0.1,0.06,2,0.7
13,0.1,0.06,3,0.7
13,0.1,0.06,4,0.75
13,0.1,0.08,1,0.81
13,0.1,0.08,2,0.75
13,0.1,0.08,3,0.76
13,0.1,0.08,4,0.74
13,0.1,0.1,1,0.88
13,0.1,0.1,2,0.73
13,0.1,0.1,3,0.85
13,0.1,0.1,4,0.85
14,0.01,0.0,1,0.08999999999999997
14,0.01,0.0,2,0.06000000000000005
14,0.01,0.0,3,0.07999999999999996
14,0.01,0.0,4,0.0
14,0.01,0.02,1,0.21999999999999997
14,0.01,0.02,2,0.21999999999999997
14,0.01,0.02,3,0.10999999999999999
14,0.01,0.02,4,0.16000000000000003
14,0.01,0.04,1,0.28
14,0.01,0.04,2,0.31999999999999995
14,0.01,0.04,3,0.24
14,0.01,0.04,4,0.22999999999999998
14,0.01,0.06,1,0.54
14,0.01,0.06,2,0.31999999999999995
14,0.01,0.06,3,0.39
14,0.01,0.06,4,0.38
14,0.01,0.08,1,0.56
14,0.01,0.08,2,0.47
14,0.01,0.08,3,0.35
14,0.01,0.08,4,0.5
14,0.01,0.1,1,0.6
14,0.01,0.1,2,0.56
14,0.01,0.1,3,0.5800000000000001
14,0.01,0.1,4,0.51
14,0.03,0.0,1,0.32999999999999996
14,0.03,0.0,2,0.13
14,0.03,0.0,3,0.19999999999999996
14,0.03,0.0,4,0.19999999999999996
14,0.03,0.02,1,0.39
14,0.03,0.02,2,0.25
14,0.03,0.02,3,0.31000000000000005
14,0.03,0.02,4,0.29000000000000004
14,0.03,0.04,1,0.52
14,0.03,0.04,2,0.41000000000000003
14,0.03,0.04,3,0.35
14,0.03,0.04,4,0.32999999999999996
14,0.03,0.06,1,0.53
14,0.03,0.06,2,0.47
14,0.03,0.06,3,0.53
14,0.03,0.06,4,0.49
14,0.03,0.08,1,0.62
14,0.03,0.08,2,0.5900000000000001
14,0.03,0.08,3,0.5800000000000001
14,0.03,0.08,4,0.5800000000000001
14,0.03,0.1,1,0.69
14,0.03,0.1,2,0.6
14,0.03,0.1,3,0.47
14,0.03,0.1,4,0.6
14,0.05,0.0,1,0.44999999999999996
14,0.05,0.0,2,0.18999999999999995
14,0.05,0.0,3,0.19999999999999996
14,0.05,0.0,4,0.27
14,0.05,0.02,1,0.47
14,0.05,0.02,2,0.33999999999999997
14,0.05,0.02,3,0.31000000000000005
14,0.05,0.02,4,0.38
14,0.05,0.04,1,0.6
14,0.05,0.04,2,0.49
14,0.05,0.04,3,0.44999999999999996
14,0.05,0.04,4,0.39
14,0.05,0.06,1,0.64
14,0.05,0.06,2,0.52
14,0.05,0.06,3,0.52
14,0.05,0.06,4,0.54
14,0.05,0.08,1,0.73
14,0.05,0.08,2,0.64
14,0.05,0.08,3,0.6799999999999999
14,0.05,0.08,4,0.6
14,0.05,0.1,1,0.78
14,0.05,0.1,2,0.63
14,0.05,0.1,3,0.69
14,0.05,0.1,4,0.69
14,0.07,0.0,1,0.43999999999999995
14,0.07,0.0,2,0.31000000000000005
14,0.07,0.0,3,0.42000000000000004
14,0.07,0.0,4,0.44999999999999996
14,0.07,0.02,1,0.55
14,0.07,0.02,2,0.39
14,0.07,0.02,3,0.43999999999999995
14,0.07,0.02,4,0.54
14,0.07,0.04,1,0.53
14,0.07,0.04,2,0.43000000000000005
14,0.07,0.04,3,0.44999999999999996
14,0.07,0.04,4,0.49
14,0.07,0.06,1,0.64
14,0.07,0.06,2,0.65
14,0.07,0.06,3,0.5
14,0.07,0.06,4,0.53
14,0.07,0.08,1,0.7
14,0.07,0.08,2,0.63
14,0.07,0.08,3,0.5900000000000001
14,0.07,0.08,4,0.5800000000000001
14,0.07,0.1,1,0.74
14,0.07,0.1,2,0.7
14,0.07,0.1,3,0.79
14,0.07,0.1,4,0.72
14,0.1,0.0,1,0.73
14,0.1,0.0,2,0.5800000000000001
14,0.1,0.0,3,0.44999999999999996
14,0.1,0.0,4,0.48
14,0.1,0.02,1,0.76
14,0.1,0.02,2,0.63
14,0.1,0.02,3,0.53
14,0.1,0.02,4,0.54
14,0.1,0.04,1,0.77
14,0.1,0.04,2,0.6799999999999999
14,0.1,0.04,3,0.69
14,0.1,0.04,4,0.5900000000000001
14,0.1,0.06,1,0.76
14,0.1,0.06,2,0.69
14,0.1,0.06,3,0.73
14,0.1,0.06,4,0.6799999999999999
14,0.1,0.08,1,0.87
14,0.1,0.08,2,0.72
14,0.1,0.08,3,0.75
14,0.1,0.08,4,0.73
14,0.1,0.1,1,0.87
14,0.1,0.1,2,0.79
14,0.1,0.1,3,0.76
14,0.1,0.1,4,0.79
15,0.01,0.0,1,0.07999999999999996
15,0.01,0.0,2,0.050000000000000044
15,0.01,0.0,3,0.030000000000000027
15,0.01,0.0,4,0.050000000000000044
15,0.01,0.02,1,0.15000000000000002
15,0.01,0.02,2,0.19999999999999996
15,0.01,0.02,3,0.18000000000000005
15,0.01,0.02,4,0.25
15,0.01,0.04,1,0.26
15,0.01,0.04,2,0.28
15,0.01,0.04,3,0.24
15,0.01,0.04,4,0.31999999999999995
15,0.01,0.06,1,0.43000000000000005
15,0.01,0.06,2,0.49
15,0.01,0.06,3,0.37
15,0.01,0.06,4,0.48
15,0.01,0.08,1,0.53
15,0.01,0.08,2,0.47
15,0.01,0.08,3,0.51
15,0.01,0.08,4,0.45999999999999996
15,0.01,0.1,1,0.56
15,0.01,0.1,2,0.56
15,0.01,0.1,3,0.51
15,0.01,0.1,4,0.62
15,0.03,0.0,1,0.28
15,0.03,0.0,2,0.12
15,0.03,0.0,3,0.13
15,0.03,0.0,4,0.07999999999999996
15,0.03,0.02,1,0.29000000000000004
15,0.03,0.02,2,0.33999999999999997
15,0.03,0.02,3,0.24
15,0.03,0.02,4,0.31000000000000005
15,0.03,0.04,1,0.43999999999999995
15,0.03,0.04,2,0.37
15,0.03,0.04,3,0.41000000000000003
15,0.03,0.04,4,0.36
15,0.03,0.06,1,0.5900000000000001
15,0.03,0.06,2,0.5
15,0.03,0.06,3,0.52
15,0.03,0.06,4,0.54
15,0.03,0.08,1,0.65
15,0.03,0.08,2,0.54
15,0.03,0.08,3,0.61
15,0.03,0.08,4,0.54
15,0.03,0.1,1,0.5800000000000001
15,0.03,0.1,2,0.52
15,0.03,0.1,3,0.7
15,0.03,0.1,4,0.5900000000000001
15,0.05,0.0,1,0.44999999999999996
15,0.05,0.0,2,0.21999999999999997
15,0.05,0.0,3,0.28
15,0.05,0.0,4,0.27
15,0.05,0.02,1,0.48
15,0.05,0.02,2,0.36
15,0.05,0.02,3,0.31999999999999995
15,0.05,0.02,4,0.29000000000000004
15,0.05,0.04,1,0.5700000000000001
15,0.05,0.04,2,0.43999999999999995
15,0.05,0.04,3,0.45999999999999996
15,0.05,0.04,4,0.42000000000000004
15,0.05,0.06,1,0.69
15,0.05,0.06,2,0.52
15,0.05,0.06,3,0.48
15,0.05,0.06,4,0.47
15,0.05,0.08,1,0.71
15,0.05,0.08,2,0.64
15,0.05,0.08,3,0.69
15,0.05,0.08,4,0.65
15,0.05,0.1,1,0.76
15,0.05,0.1,2,0.64
15,0.05,0.1,3,0.6799999999999999
15,0.05,0.1,4,0.6699999999999999
15,0.07,0.0,1,0.54
15,0.07,0.0,2,0.31999999999999995
15,0.07,0.0,3,0.30000000000000004
15,0.07,0.0,4,0.26
15,0.07,0.02,1,0.69
15,0.07,0.02,2,0.33999999999999997
15,0.07,0.02,3,0.37
15,0.07,0.02,4,0.41000000000000003
15,0.07,0.04,1,0.6599999999999999
15,0.07,0.04,2,0.49
15,0.07,0.04,3,0.5900000000000001
15,0.07,0.04,4,0.47
15,0.07,0.06,1,0.74
15,0.07,0.06,2,0.5800000000000001
15,0.07,0.06,3,0.61
15,0.07,0.06,4,0.64
15,0.07,0.08,1,0.72
15,0.07,0.08,2,0.63
15,0.07,0.08,3,0.56
15,0.07,0.08,4,0.62
15,0.07,0.1,1,0.78
15,0.07,0.1,2,0.65
15,0.07,0.1,3,0.74
15,0.07,0.1,4,0.6799999999999999
15,0.1,0.0,1,0.72
15,0.1,0.0,2,0.49
15,0.1,0.0,3,0.32999999999999996
15,0.1,0.0,4,0.53
15,0.1,0.02,1,0.7
15,0.1,0.02,2,0.5800000000000001
15,0.1,0.02,3,0.56
15,0.1,0.02,4,0.52
15,0.1,0.04,1,0.71
15,0.1,0.04,2,0.72
15,0.1,0.04,3,0.69
15,0.1,0.04,4,0.54
15,0.1,0.06,1,0.81
15,0.1,0.06,2,0.81
15,0.1,0.06,3,0.64
15,0.1,0.06,4,0.6699999999999999
15,0.1,0.08,1,0.9
15,0.1,0.08,2,0.64
15,0.1,0.08,3,0.71
15,0.1,0.08,4,0.69
15,0.1,0.1,1,0.88
15,0.1,0.1,2,0.79
15,0.1,0.1,3,0.75
15,0.1,0.1,4,0.6599999999999999
